,source_id,bp_rp,phot_g_mean_mag,parallax,teff_val,lum_val
0,2.0865790875973788e+18,0.3288,9.026286,4.1128,7484.25,10.774297
1,2.0865790875973788e+18,0.3288,9.026286,4.1128,7484.25,10.774297
2,2.0821670910366423e+18,0.705627,11.70687,1.4424,6194.0,7.3062863
3,2.0821670910366423e+18,0.705627,11.70687,1.4424,6194.0,7.3062863
4,2.0864744321385336e+18,0.493571,11.024454,0.8979,7070.0,35.382164
5,2.0864744321385336e+18,0.493571,11.024454,0.8979,7070.0,35.382164
6,2.1168089615118213e+18,-0.481909,15.587913,0.4073,8868.667,
7,2.1168089615118213e+18,-0.481909,15.587913,0.4073,8868.667,
8,2.0991910357237988e+18,0.950703,12.272094,2.6679,5383.0,1.3367783000000002
9,2.1196896819751657e+18,0.710919,11.78923,2.2392,6452.7676,2.799748
10,2.1196896819751657e+18,0.710919,11.78923,2.2392,6452.7676,2.799748
11,2.0735157555970568e+18,0.514566,11.857692,1.3772,7253.0,7.015471499999999
12,2.0735157555970568e+18,0.514566,11.857692,1.3772,7253.0,7.015471499999999
13,2.08024989065444e+18,0.498463,12.217384,1.285,7149.6665,5.768292
14,2.08024989065444e+18,0.498463,12.217384,1.285,7149.6665,5.768292
15,2.1303024774462008e+18,0.6838609999999999,12.240069,1.6491,6375.2124,3.4101547999999995
16,2.1303024774462008e+18,0.6838609999999999,12.240069,1.6491,6375.2124,3.4101547999999995
17,2.1303024774462008e+18,0.6838609999999999,12.240069,1.6491,6375.2124,3.4101547999999995
18,2.1303024774462008e+18,0.684,12.2401,1.6491,6375.2124,3.4101547999999995
19,2.1303024774462008e+18,0.684,12.2401,1.6491,6375.2124,3.4101547999999995
20,2.1303024774462008e+18,0.684,12.2401,1.6491,6375.2124,3.4101547999999995
21,2.1300464243757432e+18,0.619189,11.281407000000002,1.5212,6540.9053,9.680811
22,2.1300464243757432e+18,0.619189,11.281407000000002,1.5212,6540.9053,9.680811
23,2.079008262848606e+18,0.720378,12.286317,0.7184,6141.6333,17.293943
24,2.079008262848606e+18,0.720378,12.286317,0.7184,6141.6333,17.293943
25,2.116757177086516e+18,0.6979350000000001,11.53299,2.4549,6261.0,2.9562275000000002
26,2.116757177086516e+18,0.6979350000000001,11.53299,2.4549,6261.0,2.9562275000000002
27,2.12715907678201e+18,0.597174,11.132829,2.144,6504.0,5.5886154
28,2.12715907678201e+18,0.597174,11.132829,2.144,6504.0,5.5886154
29,2.1301834209527496e+18,0.586529,10.35499,1.5102,6552.168000000001,23.053244
30,2.1301834209527496e+18,0.586529,10.35499,1.5102,6552.168000000001,23.053244
31,2.10524014068289e+18,0.565049,11.010822,0.9758,6658.2354,30.186615000000003
32,2.10524014068289e+18,0.565049,11.010822,0.9758,6658.2354,30.186615000000003
33,2.1279817476976463e+18,0.396201,12.044614,0.7375,7959.0,21.536049
34,2.1279817476976463e+18,0.396201,12.044614,0.7375,7959.0,21.536049
35,2.1279817476976463e+18,0.396,12.0446,0.7375,7959.0,21.536049
36,2.1279817476976463e+18,0.396,12.0446,0.7375,7959.0,21.536049
37,2.10728372048147e+18,0.5036109999999999,10.883266,2.2367,7084.75,6.495673
38,2.10728372048147e+18,0.5036109999999999,10.883266,2.2367,7084.75,6.495673
39,2.0803232787549883e+18,0.372309,11.809238,0.5136,7999.0,55.395045999999994
40,2.0803232787549883e+18,0.372309,11.809238,0.5136,7999.0,55.395045999999994
41,2.0762775226428416e+18,0.6514439999999999,12.236777,1.1275,6379.25,7.317562
42,2.07827536962839e+18,0.517195,11.998021,0.5058,7047.6665,45.461259999999996
43,2.07827536962839e+18,0.517195,11.998021,0.5058,7047.6665,45.461259999999996
44,2.07656184947537e+18,-0.118226,7.700365,0.4334,8704.333,
45,2.07656184947537e+18,-0.118226,7.700365,0.4334,8704.333,
46,2.0995867224738112e+18,0.578259,12.153792,0.6656,7068.5,22.756832
47,2.0995867224738112e+18,0.578,12.1538,0.6656,7068.5,22.756832
48,2.129464546506877e+18,0.7461939999999999,12.15774,2.4376,5996.625,1.6988462
49,2.129464546506877e+18,0.7461939999999999,12.15774,2.4376,5996.625,1.6988462
50,2.0855109163558423e+18,0.7377,11.22569,0.9488,6142.0,26.331896
51,2.0855109163558423e+18,0.7377,11.22569,0.9488,6142.0,26.331896
52,2.0855109163558423e+18,0.738,11.2257,0.9488,6142.0,26.331896
53,2.0855109163558423e+18,0.738,11.2257,0.9488,6142.0,26.331896
54,2.1042599217673992e+18,0.7218,11.442181,1.2846,6053.5,11.799132
55,2.1042599217673992e+18,0.7218,11.442181,1.2846,6053.5,11.799132
56,2.1042599217673992e+18,0.722,11.4422,1.2846,6053.5,11.799132
57,2.1042599217673992e+18,0.722,11.4422,1.2846,6053.5,11.799132
58,2.119585400169295e+18,1.150202,12.297988,3.5819,5060.5,0.76217103
59,2.119585400169295e+18,1.150202,12.297988,3.5819,5060.5,0.76217103
60,2.119585400169295e+18,1.15,12.298,3.5819,5060.5,0.76217103
61,2.119585400169295e+18,1.15,12.298,3.5819,5060.5,0.76217103
62,2.080637571583044e+18,0.614688,11.72385,1.6083,6876.75,5.771321299999999
63,2.080637571583044e+18,0.614688,11.72385,1.6083,6876.75,5.771321299999999
64,2.107002142425074e+18,0.6515270000000001,12.208159,1.2222,6462.0,6.3885994
65,2.107002142425074e+18,0.6515270000000001,12.208159,1.2222,6462.0,6.3885994
66,2.052949528034417e+18,1.1659,12.706533,0.6184,4981.0,17.844341
67,2.051770507972278e+18,-0.335928,13.608935999999998,1.7263,8868.667,
68,2.0766657876854728e+18,0.829702,12.081238,2.2689,5752.5,2.130054
69,2.0766657876854728e+18,0.829702,12.081238,2.2689,5752.5,2.130054
70,2.1014544190724795e+18,1.0956,6.849564,4.2039,5051.3335,83.779175
71,2.128954093935756e+18,0.616314,12.255459,0.7212,6513.0,17.56339
72,2.128954093935756e+18,0.616314,12.255459,0.7212,6513.0,17.56339
73,2.073744385293635e+18,0.396971,11.806945,0.9436,7827.5,16.169159
74,2.073744385293635e+18,0.397,11.8069,0.9436,7827.5,16.169159
75,2.086499201207107e+18,1.170677,10.257608,1.8562,4917.6035,19.177387
76,2.086499201207107e+18,1.170677,10.257608,1.8562,4917.6035,19.177387
77,2.126728308743101e+18,0.541346,12.21552,0.8798,7121.0,12.31889
78,2.126728308743101e+18,0.541346,12.21552,0.8798,7121.0,12.31889
79,2.133230786147645e+18,0.919801,10.413286,9.4314,5380.2754,0.5928044
80,2.1352262923735552e+18,0.5361739999999999,10.928331,1.5539,6927.8623,12.874349
81,2.1352262923735552e+18,0.5361739999999999,10.928331,1.5539,6927.8623,12.874349
82,2.0776273492644933e+18,0.35532600000000003,11.33347,1.4819,7989.0,10.301702
83,2.0776273492644933e+18,0.35532600000000003,11.33347,1.4819,7989.0,10.301702
84,2.129388577124943e+18,0.24905500000000005,9.509777,2.1205,7839.6665,26.590415999999998
85,2.129388577124943e+18,0.24905500000000005,9.509777,2.1205,7839.6665,26.590415999999998
86,2.129388577124943e+18,0.249,9.5098,2.1205,7839.6665,26.590415999999998
87,2.129388577124943e+18,0.249,9.5098,2.1205,7839.6665,26.590415999999998
88,2.129388577124943e+18,0.249,9.5098,2.1205,7839.6665,26.590415999999998
89,2.129388577124943e+18,0.249,9.5098,2.1205,7839.6665,26.590415999999998
90,2.1282971357367288e+18,0.460965,11.06895,0.8979,7214.275,34.088013000000004
91,2.1282971357367288e+18,0.460965,11.06895,0.8979,7214.275,34.088013000000004
92,2.1049700688406904e+18,0.657909,11.456138,2.1352,6377.5,4.187480399999999
93,2.1049700688406904e+18,0.657909,11.456138,2.1352,6377.5,4.187480399999999
94,2.0788130694787507e+18,0.714613,10.772745,1.2732,6288.0,22.126652
95,2.0788130694787507e+18,0.714613,10.772745,1.2732,6288.0,22.126652
96,2.0800038405674872e+18,0.7171890000000001,11.872842,0.8286,6119.35,19.036026
97,2.0800038405674872e+18,0.7171890000000001,11.872842,0.8286,6119.35,19.036026
98,2.0791981734258355e+18,1.4910139999999998,12.177245,0.5233,4429.0,48.384205
99,2.0791981734258355e+18,1.4910139999999998,12.177245,0.5233,4429.0,48.384205
100,2.076324251886698e+18,0.557578,12.131723,1.3095,7180.6665,6.01558
101,2.076324251886698e+18,0.557578,12.131723,1.3095,7180.6665,6.01558
102,2.0788294590739223e+18,0.6853319999999999,12.412089,1.4538,6332.5,3.7469864
103,2.0788294590739223e+18,0.6853319999999999,12.412089,1.4538,6332.5,3.7469864
104,2.0777498760912663e+18,1.815841,11.166944,0.4041,4053.43,251.31662000000003
105,2.0777498760912663e+18,1.815841,11.166944,0.4041,4053.43,251.31662000000003
106,2.101105663425358e+18,0.731962,11.509604,2.1605,6117.0,3.9128027000000003
107,2.100040721994415e+18,0.897983,12.279305,1.0149,5640.206999999999,8.94332
108,2.0996543467371617e+18,0.7760779999999999,12.317446,1.8569,5924.0,2.5345516
109,2.1054488417339704e+18,0.909406,13.906633,0.8225,5435.25,3.1017627999999995
110,2.0857250806062008e+18,0.952698,13.527539,1.3138,5398.0,1.7313678
111,2.0857250806062008e+18,0.952698,13.527539,1.3138,5398.0,1.7313678
112,2.0768671744155256e+18,0.725969,11.164789,1.797,6427.0,7.728459
113,2.0768671744155256e+18,0.725969,11.164789,1.797,6427.0,7.728459
114,2.1281553717577308e+18,1.003098,15.735235,0.5215,5346.6665,1.4474023999999999
115,2.1281553717577308e+18,1.003098,15.735235,0.5215,5346.6665,1.4474023999999999
116,2.133088468111224e+18,0.611021,10.85703,2.6004,6569.513000000001,4.8965664
117,2.133088468111224e+18,0.611021,10.85703,2.6004,6569.513000000001,4.8965664
118,2.1260442407132503e+18,0.644362,10.718225,2.7742,6345.875,4.896555
119,2.1040255239314327e+18,0.4964020000000001,10.468032,1.3796,7121.4775,25.049576000000002
120,2.1040255239314327e+18,0.4964020000000001,10.468032,1.3796,7121.4775,25.049576000000002
121,2.107434834610482e+18,0.939095,13.522746,2.2292,5428.0,0.6018604000000001
122,2.107434834610482e+18,0.939095,13.522746,2.2292,5428.0,0.6018604000000001
123,2.0793232085121408e+18,1.062388,14.598143,0.6353,5105.5,2.8875184
124,2.0793232085121408e+18,1.062388,14.598143,0.6353,5105.5,2.8875184
125,2.1265594993481144e+18,0.320216,8.434027,2.6664,7639.0,44.615746
126,2.1265594993481144e+18,0.320216,8.434027,2.6664,7639.0,44.615746
127,2.078829145534762e+18,0.19621,8.349305000000001,2.9684,8271.667,
128,2.078829145534762e+18,0.19621,8.349305000000001,2.9684,8271.667,
129,2.079470057733002e+18,0.792579,11.971448,1.6379,5948.0,4.4759665
130,2.079470057733002e+18,0.792579,11.971448,1.6379,5948.0,4.4759665
131,2.076086177563732e+18,0.475515,11.082405,1.0912,7332.0703,22.885256
132,2.076086177563732e+18,0.475515,11.082405,1.0912,7332.0703,22.885256
133,2.101231110833752e+18,0.5841609999999999,11.491,1.0257,6742.3535,17.5633
134,2.0821110159394737e+18,0.51517,11.826778,1.1311,7029.0,10.639552
135,2.0821110159394737e+18,0.51517,11.826778,1.1311,7029.0,10.639552
136,2.1004179876248896e+18,0.8378680000000001,12.031445,1.0953,5799.0,9.542228999999999
137,2.1280401291954207e+18,0.668453,12.069372,1.8267,6350.0,3.2534301
138,2.1280401291954207e+18,0.668453,12.069372,1.8267,6350.0,3.2534301
139,2.1026021374114025e+18,0.699511,12.028209,0.9597,6322.0,12.246022
140,2.1320519335862628e+18,0.8753120000000001,12.006618,2.2222,6034.0,2.346214
141,2.1320519335862628e+18,0.8753120000000001,12.006618,2.2222,6034.0,2.346214
142,2.1320519335862628e+18,0.8753120000000001,12.006618,2.2222,6034.0,2.346214
143,2.1269740839505367e+18,1.187079,12.430255,1.6318,4921.36,3.3516334999999997
144,2.1269740839505367e+18,1.187079,12.430255,1.6318,4921.36,3.3516334999999997
145,2.134898367332106e+18,0.446984,10.883268,1.0909,7275.3335,27.450327
146,2.134898367332106e+18,0.446984,10.883268,1.0909,7275.3335,27.450327
147,2.0799866950582943e+18,1.038175,9.594467,2.2179,5107.0,23.763824
148,2.0799866950582943e+18,1.038175,9.594467,2.2179,5107.0,23.763824
149,2.1173395789517263e+18,1.243884,11.142421,0.8681,4902.665,38.953753999999996
150,2.1173395789517263e+18,1.243884,11.142421,0.8681,4902.665,38.953753999999996
151,2.07760614500259e+18,0.665593,12.192886,0.6941,6342.0,20.11167
152,2.07760614500259e+18,0.665593,12.192886,0.6941,6342.0,20.11167
153,2.1285529139299653e+18,0.6003689999999999,11.908227,0.5756,6903.0,38.036873
154,2.1285529139299653e+18,0.6003689999999999,11.908227,0.5756,6903.0,38.036873
155,2.0806477077057124e+18,0.658304,11.954221,1.5185,6387.5,5.232423000000001
156,2.0806477077057124e+18,0.658304,11.954221,1.5185,6387.5,5.232423000000001
157,2.0806477077057124e+18,0.6579999999999999,11.9542,1.5185,6387.5,5.232423000000001
158,2.0806477077057124e+18,0.6579999999999999,11.9542,1.5185,6387.5,5.232423000000001
159,2.1317985348100603e+18,0.645606,9.858285,2.6482,6505.0,11.848613
160,2.1317985348100603e+18,0.645606,9.858285,2.6482,6505.0,11.848613
161,2.1353867910136364e+18,0.355294,11.369783,0.7175,7835.0,41.857048
162,2.1353867910136364e+18,0.355294,11.369783,0.7175,7835.0,41.857048
163,2.1067599062703227e+18,1.005492,11.782559,0.9431,5204.1997,17.224047
164,2.1067599062703227e+18,1.005492,11.782559,0.9431,5204.1997,17.224047
165,2.1067599062703227e+18,1.005,11.7826,0.9431,5204.1997,17.224047
166,2.1067599062703227e+18,1.005,11.7826,0.9431,5204.1997,17.224047
167,2.1067599062703227e+18,1.005,11.7826,0.9431,5204.1997,17.224047
168,2.1067599062703227e+18,1.005,11.7826,0.9431,5204.1997,17.224047
169,2.10700176017022e+18,0.6799350000000001,12.229491,1.2217,6291.6665,6.281992400000001
170,2.10700176017022e+18,0.6799350000000001,12.229491,1.2217,6291.6665,6.281992400000001
171,2.1269456684486577e+18,0.8243360000000001,11.596043,1.8058,5723.165,5.2678947
172,2.1269456684486577e+18,0.8243360000000001,11.596043,1.8058,5723.165,5.2678947
173,2.08037619705412e+18,0.218757,10.255248,1.4877,8046.5996,
174,2.08037619705412e+18,0.218757,10.255248,1.4877,8046.5996,
175,2.085563005720314e+18,0.244837,9.723014,1.3171,8264.0,
176,2.085563005720314e+18,0.244837,9.723014,1.3171,8264.0,
177,2.0781520911878523e+18,0.8756940000000001,14.876512,0.3651,5744.0,6.2696943
178,2.0781520911878523e+18,0.8756940000000001,14.876512,0.3651,5744.0,6.2696943
179,2.0781520911878523e+18,0.8759999999999999,14.8765,0.3651,5744.0,6.2696943
180,2.0781520911878523e+18,0.8759999999999999,14.8765,0.3651,5744.0,6.2696943
181,2.078754176885806e+18,1.719488,11.254565,0.3944,4079.0632,239.45597999999998
182,2.078754176885806e+18,1.719488,11.254565,0.3944,4079.0632,239.45597999999998
183,2.126929205831665e+18,0.555762,12.288198,1.103,7065.915,7.320028999999999
184,2.126929205831665e+18,0.555762,12.288198,1.103,7065.915,7.320028999999999
185,2.1043434159313065e+18,0.73943,11.777304,1.3791,6184.73,7.492023
186,2.1043434159313065e+18,0.73943,11.777304,1.3791,6184.73,7.492023
187,2.1020572563820536e+18,0.5948220000000001,11.377728,1.6518,6877.0,7.525986
188,2.0736604831160745e+18,0.26347,11.485019,0.9836,8593.5,
189,2.0736604831160745e+18,0.26347,11.485019,0.9836,8593.5,
190,2.075322223129341e+18,0.206049,11.337087,1.0169,8772.0,
191,2.075322223129341e+18,0.206049,11.337087,1.0169,8772.0,
192,2.128503607704982e+18,0.675437,11.541259,1.4855,6345.0,8.001739
193,2.128503607704982e+18,0.675437,11.541259,1.4855,6345.0,8.001739
194,2.0793977304837463e+18,0.7760600000000001,11.940863,2.7249,5916.25,1.6656925999999999
195,2.0793977304837463e+18,0.7760600000000001,11.940863,2.7249,5916.25,1.6656925999999999
196,2.0774253827250964e+18,0.7036399999999999,12.09487,1.6878,6331.0,3.7236497
197,2.0774253827250964e+18,0.7036399999999999,12.09487,1.6878,6331.0,3.7236497
198,2.1261907849967977e+18,1.1315879999999998,10.394598,1.3926,4932.9575,29.922998
199,2.0759914821279644e+18,2.449438,11.52073,0.2873,3703.4402,453.2974
200,2.0759914821279644e+18,2.449438,11.52073,0.2873,3703.4402,453.2974
201,3.84468910944037e+17,-0.251388,14.337367,0.8473,8868.667,
202,1.2092267821113562e+17,3.3586440000000004,15.214953,3.6238,4202.075,
203,3.2469089340506813e+18,0.8851,12.229883,1.6109,5711.9854,3.6952255
204,3.2933287000671447e+18,1.052966,12.934794,2.2714,5476.4634,0.99107116
205,3.2933287000671447e+18,1.053,12.9348,2.2714,5476.4634,0.99107116
206,3.291503884426214e+18,0.8189029999999999,11.768147,1.3316,5829.0,8.214278
207,3.291503884426214e+18,0.8190000000000001,11.7681,1.3316,5829.0,8.214278
208,3.2886705116806994e+18,1.250061,12.629214,0.499,4883.6826,30.121927000000003
209,3.2886705116806994e+18,1.25,12.6292,0.499,4883.6826,30.121927000000003
210,9.504186456198758e+17,2.707532,15.611806,6.3532,3811.875,
211,1.0859031484542382e+18,-0.606734,16.130545,2.3131,8868.667,
212,8.800294573972722e+17,2.539651,15.760746,4.0743,3899.3933,
213,3.803074277956128e+18,0.809801,14.421960999999998,0.7867,5884.0,2.036627
214,3.803074277956128e+18,0.81,14.422,0.7867,5884.0,2.036627
215,7.883348605658308e+17,0.626426,11.537442,1.1035,6854.0,14.553263000000001
216,7.883348605658308e+17,0.626426,11.537442,1.1035,6854.0,14.553263000000001
217,7.883348605658308e+17,0.626,11.5374,1.1035,6854.0,14.553263000000001
218,7.883348605658308e+17,0.626,11.5374,1.1035,6854.0,14.553263000000001
219,7.883348605658308e+17,0.626,11.5374,1.1035,6854.0,14.553263000000001
220,7.883348605658308e+17,0.626,11.5374,1.1035,6854.0,14.553263000000001
221,1.391285764265044e+18,0.617274,11.670625,0.9921,6882.5,15.9300585
222,1.391285764265044e+18,0.617274,11.670625,0.9921,6882.5,15.9300585
223,1.391285764265044e+18,0.617274,11.670625,0.9921,6882.5,15.9300585
224,1.391285764265044e+18,0.617274,11.670625,0.9921,6882.5,15.9300585
225,1.391285764265044e+18,0.617,11.6706,0.9921,6882.5,15.9300585
226,1.391285764265044e+18,0.617,11.6706,0.9921,6882.5,15.9300585
227,1.400700641814409e+18,0.704357,12.236484,1.7271,6321.75,3.1213562
228,1.400700641814409e+18,0.704357,12.236484,1.7271,6321.75,3.1213562
229,1.325137529829066e+18,0.90451,11.820556,1.0029,5700.6997,13.910684
230,1.325137529829066e+18,0.90451,11.820556,1.0029,5700.6997,13.910684
231,1.325137529829066e+18,0.905,11.8206,1.0029,5700.6997,13.910684
232,1.325137529829066e+18,0.905,11.8206,1.0029,5700.6997,13.910684
233,1.3012444249003407e+18,1.199019,13.00174,2.5946,4898.0,0.78761554
234,1.3012444249003407e+18,1.199,13.0017,2.5946,4898.0,0.78761554
235,1.3071762901317128e+18,1.759112,14.932557,2.3884,4036.88,0.22664539999999997
236,1.360785900121365e+18,1.156516,13.268632,2.5179,4914.5,0.6514531
237,1.360785900121365e+18,1.156516,13.268632,2.5179,4914.5,0.6514531
238,1.360785900121365e+18,1.157,13.2686,2.5179,4914.5,0.6514531
239,1.360785900121365e+18,1.157,13.2686,2.5179,4914.5,0.6514531
240,4.6093323763492014e+18,0.655775,12.20973,0.7417,6459.75,17.325441
241,4.6093323763492014e+18,0.655775,12.20973,0.7417,6459.75,17.325441
242,1.3644349000412275e+18,0.421364,11.969997,0.902,7798.0,15.191131
243,1.3644349000412275e+18,0.421364,11.969997,0.902,7798.0,15.191131
244,1.3644349000412275e+18,0.421364,11.969997,0.902,7798.0,15.191131
245,1.3644349000412275e+18,0.421364,11.969997,0.902,7798.0,15.191131
246,1.3644349000412275e+18,0.421,11.97,0.902,7798.0,15.191131
247,1.3644349000412275e+18,0.421,11.97,0.902,7798.0,15.191131
248,1.3644349000412275e+18,0.421,11.97,0.902,7798.0,15.191131
249,1.3644349000412275e+18,0.421,11.97,0.902,7798.0,15.191131
250,3.60391981413605e+17,0.609697,11.995935,1.0593,6872.0,10.353806
251,3.60391981413605e+17,0.61,11.9959,1.0593,6872.0,10.353806
252,4.010788594452562e+17,0.79056,10.508286,2.5437,5808.3335,7.1910887
253,9.877284467041075e+16,1.347955,5.380872,5.3941,4500.0,231.28009
254,1.2694380574769946e+17,1.040561,9.846335,2.9683,5172.468,10.39842
255,1.8704331748203622e+17,0.144177,7.680169999999999,0.7856,8292.4,
256,1.8545250024888525e+17,0.927945,10.97587,5.2116,5494.0,1.1415738000000002
257,1.8545250024888525e+17,0.928,10.9759,5.2116,5494.0,1.1415738000000002
258,9.547267726962255e+17,0.92045,9.919621,7.3659,5524.0,1.5072666000000001
259,9.698311075246456e+17,0.756537,9.832732,4.5512,5911.0,4.1628013
260,1.4861943409595236e+18,0.199474,7.089864,6.9599,8133.0,
261,2.701757466850647e+17,0.06342300000000001,5.156619,7.1562,9049.0,
262,1.1302935896673016e+18,0.433033,10.23244,3.2289999999999996,7610.0,5.795231299999999
263,1.1302935896673016e+18,0.433033,10.23244,3.2289999999999996,7610.0,5.795231299999999
264,1.1302935896673016e+18,0.433033,10.23244,3.2289999999999996,7610.0,5.795231299999999
265,1.1302935896673016e+18,0.433033,10.23244,3.2289999999999996,7610.0,5.795231299999999
266,4.854642079163265e+17,0.026183,8.546191,1.8625,9280.0,
267,1.1064027181223258e+18,0.05004,8.237666,3.3206,9204.5,
268,6.998184364538912e+17,0.632274,10.352125,3.2994,6639.75,4.8426943
269,6.91776539688562e+17,0.961498,9.214069,14.1163,5384.0,0.7981921999999999
270,6.91776539688562e+17,0.961,9.2141,14.1163,5384.0,0.7981921999999999
271,3.0460360624002166e+18,0.261164,8.017847,0.7744,8283.0,
272,5.418013325942629e+17,0.261514,6.204546,15.3148,7870.0,10.731519
273,5.418013325942629e+17,0.261514,6.204546,15.3148,7870.0,10.731519
274,5.418013325942629e+17,0.261514,6.204546,15.3148,7870.0,10.731519
275,5.418013325942629e+17,0.261514,6.204546,15.3148,7870.0,10.731519
276,5.418013325942629e+17,0.261514,6.204546,15.3148,7870.0,10.731519
277,5.418013325942629e+17,0.261514,6.204546,15.3148,7870.0,10.731519
278,4.282466235444124e+17,0.131346,7.198459,4.1691,8900.0,
279,4.282466235444124e+17,0.131346,7.198459,4.1691,8900.0,
280,4.282466235444124e+17,0.131346,7.198459,4.1691,8900.0,
281,4.282466235444124e+17,0.131346,7.198459,4.1691,8900.0,
282,4.282466235444124e+17,0.131346,7.198459,4.1691,8900.0,
283,4.282466235444124e+17,0.131346,7.198459,4.1691,8900.0,
284,5.1631630233310925e+17,0.213595,8.337454,3.4657,8995.5,
285,5.1631630233310925e+17,0.213595,8.337454,3.4657,8995.5,
286,5.1631630233310925e+17,0.213595,8.337454,3.4657,8995.5,
287,5.1631630233310925e+17,0.213595,8.337454,3.4657,8995.5,
288,5.452031872116511e+17,0.543038,10.129378,3.0499,6899.6665,6.972396000000001
289,5.452031872116511e+17,0.543038,10.129378,3.0499,6899.6665,6.972396000000001
290,5.452031872116511e+17,0.543038,10.129378,3.0499,6899.6665,6.972396000000001
291,5.452031872116511e+17,0.5429999999999999,10.1294,3.0499,6899.6665,6.972396000000001
292,5.452031872116511e+17,0.5429999999999999,10.1294,3.0499,6899.6665,6.972396000000001
293,5.452031872116511e+17,0.5429999999999999,10.1294,3.0499,6899.6665,6.972396000000001
294,4.281930567105398e+17,1.003818,12.1371,4.4185,5313.3335,0.55691093
295,4.281930567105398e+17,1.003818,12.1371,4.4185,5313.3335,0.55691093
296,4.281930567105398e+17,1.003818,12.1371,4.4185,5313.3335,0.55691093
297,4.621303764534943e+17,0.737923,6.963399000000001,0.733,5987.3335,2247.9114
298,4.621303764534943e+17,0.737923,6.963399000000001,0.733,5987.3335,2247.9114
299,2.0150580552369068e+18,1.253972,12.574731,0.304,4851.0,86.02093
300,2.0150580552369068e+18,1.253972,12.574731,0.304,4851.0,86.02093
301,2.0150580552369068e+18,1.253972,12.574731,0.304,4851.0,86.02093
302,4.291584279220772e+17,0.4437430000000001,10.741293,0.4529,6932.75,180.06438
303,4.291584279220772e+17,0.4437430000000001,10.741293,0.4529,6932.75,180.06438
304,4.291584279220772e+17,0.4437430000000001,10.741293,0.4529,6932.75,180.06438
305,4.2697754661108365e+17,0.855605,11.128995,2.642,5577.275,3.827175
306,4.2697754661108365e+17,0.855605,11.128995,2.642,5577.275,3.827175
307,4.2697754661108365e+17,0.855605,11.128995,2.642,5577.275,3.827175
308,4.2697754661108365e+17,0.856,11.129,2.642,5577.275,3.827175
309,4.2697754661108365e+17,0.856,11.129,2.642,5577.275,3.827175
310,4.2697754661108365e+17,0.856,11.129,2.642,5577.275,3.827175
311,4.228349948057729e+17,0.770021,12.110237,1.3632,5890.5,5.701354
312,4.228349948057729e+17,0.770021,12.110237,1.3632,5890.5,5.701354
313,4.228349948057729e+17,0.770021,12.110237,1.3632,5890.5,5.701354
314,4.1493806177689126e+17,0.537662,10.530924,1.4536,6754.22,21.17379
315,4.628920287727784e+17,0.393845,8.220902,1.1069,7945.5,323.07736
316,4.628920287727784e+17,0.393845,8.220902,1.1069,7945.5,323.07736
317,5.377965332918207e+17,0.353152,10.447229,0.9149,7859.0,60.34356
318,5.377965332918207e+17,0.353152,10.447229,0.9149,7859.0,60.34356
319,5.377965332918207e+17,0.353152,10.447229,0.9149,7859.0,60.34356
320,5.377965332918207e+17,0.353152,10.447229,0.9149,7859.0,60.34356
321,5.224613353800311e+17,0.375682,10.290471,1.3045,7521.25,33.49082
322,5.224613353800311e+17,0.375682,10.290471,1.3045,7521.25,33.49082
323,6.091428734401256e+18,0.836521,8.494315,13.9822,5842.9,1.5182316999999999
324,5.345504927825741e+18,0.06912599999999999,8.953942999999997,1.4027,9183.333,
325,2.205311401215068e+18,0.612925,8.828378,2.2852,6430.267,41.104652
326,2.205311401215068e+18,0.612925,8.828378,2.2852,6430.267,41.104652
327,2.205311401215068e+18,0.612925,8.828378,2.2852,6430.267,41.104652
328,5.68183560050534e+17,0.520403,9.715373,3.3412,6948.4937,8.512751
329,5.68183560050534e+17,0.520403,9.715373,3.3412,6948.4937,8.512751
330,2.0153119092840392e+18,0.991646,12.513403,1.3001,5359.2803,4.52086
331,2.0153119092840392e+18,0.991646,12.513403,1.3001,5359.2803,4.52086
332,2.0153119092840392e+18,0.992,12.5134,1.3001,5359.2803,4.52086
333,2.0153119092840392e+18,0.992,12.5134,1.3001,5359.2803,4.52086
334,2.499439420290789e+18,0.324291,9.867293,1.8515,7955.6665,25.375257
335,1815568575811456.0,1.14967,10.356954,3.1557,4987.168,5.9587135
336,5.14069882390289e+18,1.074851,11.704417,1.5566,5188.46,6.811628
337,2015099871749760.0,0.346483,8.68511,3.3819999999999997,7432.0,21.762882
338,2.954591157782713e+18,0.733779,9.508562,4.3305,5943.3335,6.1888795
339,2.954591157782713e+18,0.733779,9.508562,4.3305,5943.3335,6.1888795
340,3.516104217008286e+18,0.733949,8.851735000000003,10.0761,5995.13,2.0888703
341,2.0691756095395249e+18,0.498234,10.722501,1.5669,7009.9336,15.323978
342,2.054756957652358e+18,0.460591,8.233296000000001,3.9921,7099.831999999999,23.419088000000002
343,2.054756957652358e+18,0.460591,8.233296000000001,3.9921,7099.831999999999,23.419088000000002
344,2.0590954244014072e+18,0.312098,8.210279,0.6588,8012.6665,
345,2.0590954244014072e+18,0.312098,8.210279,0.6588,8012.6665,
346,2.031022212482338e+18,0.224594,8.479144999999999,4.3867,8266.5,
347,2.0544645562878152e+18,1.622878,11.213834,13.782,4213.8325,0.18817995
348,1.9666332954065265e+18,1.183081,11.221602,2.7478,4830.76,3.6819599999999997
349,1.9666332954065265e+18,1.183081,11.221602,2.7478,4830.76,3.6819599999999997
350,1.9666332954065265e+18,1.183,11.2216,2.7478,4830.76,3.6819599999999997
351,1.9666332954065265e+18,1.183,11.2216,2.7478,4830.76,3.6819599999999997
352,2.0624852874539213e+18,0.854973,12.208073,2.2751,5782.0,1.8815582
353,2.0624852874539213e+18,0.854973,12.208073,2.2751,5782.0,1.8815582
354,2.0624852874539213e+18,0.855,12.2081,2.2751,5782.0,1.8815582
355,2.0624852874539213e+18,0.855,12.2081,2.2751,5782.0,1.8815582
356,1.8621348212618524e+18,0.906366,9.306772,1.5891,5360.128000000001,58.002644
357,1.8621348212618524e+18,0.906366,9.306772,1.5891,5360.128000000001,58.002644
358,2.1835447474782976e+18,0.25952,9.845452,0.8313,8401.5,
359,2.1835447474782976e+18,0.25952,9.845452,0.8313,8401.5,
360,2.16952710808835e+18,0.7453489999999999,9.091422,5.8881,5904.5747,4.9243144999999995
361,2.16952710808835e+18,0.7453489999999999,9.091422,5.8881,5904.5747,4.9243144999999995
362,1.0749004687379916e+18,0.71009,10.383945,3.1173,5992.0,5.322353400000001
363,1.0749004687379916e+18,0.71009,10.383945,3.1173,5992.0,5.322353400000001
364,1.0749004687379916e+18,0.71009,10.383945,3.1173,5992.0,5.322353400000001
365,1.0749004687379916e+18,0.71009,10.383945,3.1173,5992.0,5.322353400000001
366,1.0749004687379916e+18,0.71009,10.383945,3.1173,5992.0,5.322353400000001
367,1.0749004687379916e+18,0.71009,10.383945,3.1173,5992.0,5.322353400000001
368,1.6407080228157576e+18,0.446559,7.376697999999998,6.0084,7082.25,22.747524
369,1.6407080228157576e+18,0.446559,7.376697999999998,6.0084,7082.25,22.747524
370,1.6407080228157576e+18,0.446559,7.376697999999998,6.0084,7082.25,22.747524
371,1.6407080228157576e+18,0.446559,7.376697999999998,6.0084,7082.25,22.747524
372,1.6407080228157576e+18,0.446559,7.376697999999998,6.0084,7082.25,22.747524
373,1.6407080228157576e+18,0.446559,7.376697999999998,6.0084,7082.25,22.747524
374,1.6407080228157576e+18,0.446559,7.376697999999998,6.0084,7082.25,22.747524
375,1.6407080228157576e+18,0.446559,7.376697999999998,6.0084,7082.25,22.747524
376,1.6407080228157576e+18,0.446559,7.376697999999998,6.0084,7082.25,22.747524
377,1.6407080228157576e+18,0.446559,7.376697999999998,6.0084,7082.25,22.747524
378,1.6407080228157576e+18,0.446559,7.376697999999998,6.0084,7082.25,22.747524
379,1.6407080228157576e+18,0.446559,7.376697999999998,6.0084,7082.25,22.747524
380,1.6407080228157576e+18,0.446559,7.376697999999998,6.0084,7082.25,22.747524
381,1.6407080228157576e+18,0.446559,7.376697999999998,6.0084,7082.25,22.747524
382,1.413786483748745e+18,0.13956300000000002,7.074609,5.9711,8174.0,
383,1.413786483748745e+18,0.13956300000000002,7.074609,5.9711,8174.0,
384,1.413786483748745e+18,0.13956300000000002,7.074609,5.9711,8174.0,
385,1.413786483748745e+18,0.13956300000000002,7.074609,5.9711,8174.0,
386,1.413786483748745e+18,0.13956300000000002,7.074609,5.9711,8174.0,
387,1.413786483748745e+18,0.13956300000000002,7.074609,5.9711,8174.0,
388,1.413786483748745e+18,0.13956300000000002,7.074609,5.9711,8174.0,
389,1.413786483748745e+18,0.13956300000000002,7.074609,5.9711,8174.0,
390,3.170994425019521e+18,0.968771,10.781687,1.4001,5376.6333,19.167482
391,3.170994425019521e+18,0.969,10.7817,1.4001,5376.6333,19.167482
392,5.074194867393321e+18,1.6443759999999998,9.446488,0.8591,4369.25,228.1163
393,8.923484543948561e+17,1.943298,8.31789,66.2323,3886.5552,0.14372884
394,6.571992212825981e+18,0.566665,9.470124,4.5676,6957.19,5.7102695
395,6.542838829517539e+18,0.975848,10.421645,6.9452,5384.3335,1.084263
396,1.33316224672551e+18,0.47429,10.80549,1.9619,7211.6665,9.099708
397,1.33316224672551e+18,0.47429,10.80549,1.9619,7211.6665,9.099708
398,1.3480441752634084e+18,0.387914,8.040465,5.835,7342.0,13.189687
399,1.3480441752634084e+18,0.387914,8.040465,5.835,7342.0,13.189687
400,4.557402515188596e+18,0.761784,10.88534,2.6722,5790.0,4.609323000000001
401,4.557402515188596e+18,0.761784,10.88534,2.6722,5790.0,4.609323000000001
402,1.3464111943369388e+18,0.421556,10.072392,2.6245,7328.745,10.028595
403,1.3464111943369388e+18,0.421556,10.072392,2.6245,7328.745,10.028595
404,1.35171468437855e+18,0.446542,9.928155,1.9079,7584.3335,21.934079999999998
405,1.35171468437855e+18,0.447,9.9282,1.9079,7584.3335,21.934079999999998
406,5.756165167814721e+18,0.466558,9.431808,3.7136,7137.0474,8.982238
407,5.756165167814721e+18,0.466558,9.431808,3.7136,7137.0474,8.982238
408,5.756165167814721e+18,0.467,9.4318,3.7136,7137.0474,8.982238
409,6.48411714759072e+18,0.623294,9.383455,3.7412,6374.5874,9.2025585
410,1.9886643516333043e+18,0.884208,10.438132,4.8079,5456.725,2.2097689999999997
411,1.9886643516333043e+18,0.884208,10.438132,4.8079,5456.725,2.2097689999999997
412,1.9629094256223457e+18,0.958285,5.894436,23.4332,5310.8076,6.221301
413,2.1978371273361684e+18,0.859815,7.6566740000000015,0.624,5738.0,1659.0225
414,2.1978371273361684e+18,0.859815,7.6566740000000015,0.624,5738.0,1659.0225
415,2.0069832805108324e+18,0.274845,10.343084,1.0182,8911.0,
416,2.0069832805108324e+18,0.274845,10.343084,1.0182,8911.0,
417,2.0069832805108324e+18,0.274845,10.343084,1.0182,8911.0,
418,1.9895693184190152e+18,0.138801,11.227238,0.813,9132.0,
419,1.9895693184190152e+18,0.138801,11.227238,0.813,9132.0,
420,2.988525797467488e+18,0.368497,9.94108,2.3354,7542.9326,14.432657
421,7.191714560111325e+17,0.781125,9.421794,6.8168,5790.965,2.7265667999999996
422,2.0963172258655985e+18,0.567466,11.368987,1.5796,6958.12,8.30583
423,2.0963172258655985e+18,0.5670000000000001,11.369000000000002,1.5796,6958.12,8.30583
424,4.614607631277672e+18,-0.01373,6.1556440000000014,8.1301,9728.0,
425,4.614607631277672e+18,-0.01373,6.1556440000000014,8.1301,9728.0,
426,4.614607631277672e+18,-0.01373,6.1556440000000014,8.1301,9728.0,
427,2.429629369817326e+17,0.844382,10.328408,5.0623,5757.6665,2.1494896
428,4.574647706617353e+17,0.1867,7.880033999999998,1.3001,8495.667,
429,4.574647706617353e+17,0.1867,7.880033999999998,1.3001,8495.667,
430,4.4595872507070886e+17,0.943387,10.946028,1.5169,5376.0,14.03715
431,2.467977243016439e+17,0.09244,7.681871000000001,3.2595,9232.0,
432,4.384537335759155e+17,0.663535,10.677677,1.4817,6307.62,17.826473
433,4.3553439276681856e+17,0.980855,8.003444,8.6998,5344.0,6.441433999999999
434,4.086204097029944e+17,-0.26815900000000004,5.47852,2.6919,8868.667,
435,2.171800077829732e+17,0.095457,5.097775,10.8041,8886.5,
436,2.899697734828439e+17,1.22536,7.94291,3.1425,4895.8076,56.7108
437,6.612221281700739e+18,0.684684,10.76543,1.3184,6322.0,20.764532
438,5.029927429747498e+18,1.126898,8.559122,9.1442,4985.4,3.7183614
439,3.309542025514212e+18,1.315908,11.864101,5.8149,4971.75,0.43943146
440,3.309542025514212e+18,1.3159999999999998,11.8641,5.8149,4971.75,0.43943146
441,2.982689903286282e+17,0.444921,8.795677,4.8184,7723.5,9.848832000000002
442,2.982689903286282e+17,0.444921,8.795677,4.8184,7723.5,9.848832000000002
443,7.920137921140899e+17,0.922116,9.936568,2.6661,5447.5,11.417917
444,7.920137921140899e+17,0.922116,9.936568,2.6661,5447.5,11.417917
445,7.920137921140899e+17,0.922,9.9366,2.6661,5447.5,11.417917
446,7.920137921140899e+17,0.922,9.9366,2.6661,5447.5,11.417917
447,8.296855343844413e+17,0.101486,6.900819,4.292,9142.0,
448,8.296855343844413e+17,0.101486,6.900819,4.292,9142.0,
449,1.0247622274107633e+18,0.345245,10.149852,2.0232,7716.6665,16.040459
450,1.0247622274107633e+18,0.345245,10.149852,2.0232,7716.6665,16.040459
451,1.0247622274107633e+18,0.345,10.1499,2.0232,7716.6665,16.040459
452,7.742747525464518e+17,0.154631,6.6559940000000015,11.520999999999999,8493.5,
453,1.6963410777984174e+18,1.043599,9.916839,2.0112,5144.76,21.329676
454,1.6963410777984174e+18,1.043599,9.916839,2.0112,5144.76,21.329676
455,1.6963410777984174e+18,1.043599,9.916839,2.0112,5144.76,21.329676
456,1.6963410777984174e+18,1.043599,9.916839,2.0112,5144.76,21.329676
457,1.6963410777984174e+18,1.043599,9.916839,2.0112,5144.76,21.329676
458,1.6963410777984174e+18,1.043599,9.916839,2.0112,5144.76,21.329676
459,1.6963410777984174e+18,1.043599,9.916839,2.0112,5144.76,21.329676
460,1.6963410777984174e+18,1.043599,9.916839,2.0112,5144.76,21.329676
461,1.6963410777984174e+18,1.043599,9.916839,2.0112,5144.76,21.329676
462,1.6963410777984174e+18,1.043599,9.916839,2.0112,5144.76,21.329676
463,1.6963410777984174e+18,1.043599,9.916839,2.0112,5144.76,21.329676
464,1.6963410777984174e+18,1.044,9.9168,2.0112,5144.76,21.329676
465,1.6963410777984174e+18,1.044,9.9168,2.0112,5144.76,21.329676
466,1.6963410777984174e+18,1.044,9.9168,2.0112,5144.76,21.329676
467,1.6963410777984174e+18,1.044,9.9168,2.0112,5144.76,21.329676
468,1.6963410777984174e+18,1.044,9.9168,2.0112,5144.76,21.329676
469,1.6963410777984174e+18,1.044,9.9168,2.0112,5144.76,21.329676
470,1.6963410777984174e+18,1.044,9.9168,2.0112,5144.76,21.329676
471,1.6963410777984174e+18,1.044,9.9168,2.0112,5144.76,21.329676
472,1.6963410777984174e+18,1.044,9.9168,2.0112,5144.76,21.329676
473,1.6963410777984174e+18,1.044,9.9168,2.0112,5144.76,21.329676
474,1.6963410777984174e+18,1.044,9.9168,2.0112,5144.76,21.329676
475,2.1991613860154693e+18,0.118871,5.4606010000000005,0.9081,9073.5,
476,2.1991613860154693e+18,0.118871,5.4606010000000005,0.9081,9073.5,
477,1.079310648531984e+18,0.396742,11.041531,1.3835,7840.25,15.239273999999998
478,1.079310648531984e+18,0.396742,11.041531,1.3835,7840.25,15.239273999999998
479,1.079310648531984e+18,0.397,11.0415,1.3835,7840.25,15.239273999999998
480,1.079310648531984e+18,0.397,11.0415,1.3835,7840.25,15.239273999999998
481,1.5671331714505485e+18,0.414907,8.100842,3.6226,7229.5,32.243473
482,1.5671331714505485e+18,0.414907,8.100842,3.6226,7229.5,32.243473
483,1.5671331714505485e+18,0.414907,8.100842,3.6226,7229.5,32.243473
484,1.5671331714505485e+18,0.415,8.1008,3.6226,7229.5,32.243473
485,1.5671331714505485e+18,0.415,8.1008,3.6226,7229.5,32.243473
486,1.5671331714505485e+18,0.415,8.1008,3.6226,7229.5,32.243473
487,4.315546374172613e+17,1.352,12.3046,0.3269,4853.0195,95.39963
488,4.315546374172613e+17,1.352,12.3046,0.3269,4853.0195,95.39963
489,4.228414887963223e+17,0.728,11.4692,1.236,6551.025,12.333519
490,4.228414887963223e+17,0.728,11.4692,1.236,6551.025,12.333519
491,4.228414887963223e+17,0.728,11.4692,1.236,6551.025,12.333519
492,4.312429645313243e+17,0.939,12.5461,0.3692,5247.83,55.243680000000005
493,4.312429645313243e+17,0.939,12.5461,0.3692,5247.83,55.243680000000005
494,4.244171276242186e+17,0.713,11.9491,0.9688,6313.0,12.92845
495,4.244171276242186e+17,0.713,11.9491,0.9688,6313.0,12.92845
496,4.244171276242186e+17,0.713,11.9491,0.9688,6313.0,12.92845
497,3.9999498149905805e+17,0.997,12.2382,2.7595,5437.0,1.280904
498,3.9999498149905805e+17,0.997,12.2382,2.7595,5437.0,1.280904
499,5.338907587518593e+17,0.78,11.5873,1.0591,6070.5,15.178628
500,5.338907587518593e+17,0.78,11.5873,1.0591,6070.5,15.178628
501,5.338907587518593e+17,0.78,11.5873,1.0591,6070.5,15.178628
502,5.338907587518593e+17,0.78,11.5873,1.0591,6070.5,15.178628
503,4.059711664958337e+17,0.8390000000000001,10.1483,7.189,5550.39,1.2786651000000002
504,1.0523714840807757e+17,1.852,12.9308,7.9308,4042.03,0.12947257
505,5.214564848311053e+17,1.74,12.6629,0.9639,4114.225,10.72209
506,5.214564848311053e+17,1.74,12.6629,0.9639,4114.225,10.72209
507,5.214564848311053e+17,1.74,12.6629,0.9639,4114.225,10.72209
508,3.2936963449777434e+17,1.01,12.2884,3.3254,5325.5,0.85390913
509,2.4933377835917297e+18,0.967,12.5041,1.9835,5359.25,1.9588008999999997
510,5.609178497754408e+17,1.816,13.9239,4.3705,3928.0,0.18368387
511,3.3522405717586995e+17,0.911,10.7615,7.1192,5469.25,0.7472723000000001
512,2.4986325161949005e+18,0.951,12.2836,2.4129,5299.2227,1.6349776000000003
513,3.376862073080895e+17,0.7020000000000001,11.3125,1.459,6500.6426,10.227542
514,4.680231059377998e+17,0.991,11.8509,1.3385,5334.0,7.8765472999999995
515,4.680231059377998e+17,0.991,11.8509,1.3385,5334.0,7.8765472999999995
516,5.440210747726409e+17,1.019,10.4239,8.3596,5284.0,0.7568564
517,5.440210747726409e+17,1.019,10.4239,8.3596,5284.0,0.7568564
518,4.436826973410826e+17,1.234,12.2352,1.7651,4960.585,3.3970861000000006
519,4.436826973410826e+17,1.234,12.2352,1.7651,4960.585,3.3970861000000006
520,5.541599463709215e+17,1.035,12.5735,2.5457,5063.84,1.169926
521,5.541599463709215e+17,1.035,12.5735,2.5457,5063.84,1.169926
522,2.339967632547223e+17,0.855,10.7972,2.6524,5759.0,5.0838556
523,1.6643716820538138e+17,1.052,11.2916,3.3818,5073.15,2.1549954
524,5.092361337808802e+18,0.475,11.9337,0.8874,7555.5,15.962746
525,4.65256304324956e+18,0.66,12.0158,1.1393,6366.0,8.784588000000001
526,3.2302332897306486e+18,0.768,12.4205,1.0238,5916.0,7.5856614
527,3.279225504935502e+18,0.598,10.8725,1.7685,6584.733,10.436507
528,4.814777738906843e+18,0.6559999999999999,12.1683,0.9546,6599.25,10.860368
529,4.814777738906843e+18,0.6559999999999999,12.1683,0.9546,6599.25,10.860368
530,4.991360895490858e+17,1.255,14.45,2.4473,4907.27,0.23270865
531,4.991360895490858e+17,1.255,14.45,2.4473,4907.27,0.23270865
532,1.8950656712375936e+17,0.652,14.1282,1.1374,6600.0,1.2580402
533,3.33451856601052e+18,0.812,10.9954,2.4043,5768.2627,5.1519923
534,5.500033762326368e+18,1.057,11.3209,1.7203,5080.0996,8.094997
535,5.500033762326368e+18,1.057,11.3209,1.7203,5080.0996,8.094997
536,5.500033762326368e+18,1.057,11.3209,1.7203,5080.0996,8.094997
537,5.212158008737453e+18,1.008,11.81,2.3576,5270.33,2.6599946
538,5.212158008737453e+18,1.008,11.81,2.3576,5270.33,2.6599946
539,5.212158008737453e+18,1.008,11.81,2.3576,5270.33,2.6599946
540,5.212158008737453e+18,1.008,11.81,2.3576,5270.33,2.6599946
541,5.484592564623199e+18,0.551,11.5935,1.3087,6772.79,9.81883
542,5.484592564623199e+18,0.551,11.5935,1.3087,6772.79,9.81883
543,5.484592564623199e+18,0.551,11.5935,1.3087,6772.79,9.81883
544,5.484592564623199e+18,0.551,11.5935,1.3087,6772.79,9.81883
545,5.212578365776903e+18,0.862,12.3107,0.9025,5744.5,10.904143
546,5.212578365776903e+18,0.862,12.3107,0.9025,5744.5,10.904143
547,5.212578365776903e+18,0.862,12.3107,0.9025,5744.5,10.904143
548,6.505045840353713e+17,0.86,9.9842,10.3415,5626.467,0.7139533
549,6.496399899377678e+17,1.082,10.8913,2.609,5034.0,5.276201
550,6.49146858971054e+17,1.093,10.214,2.727,5037.2046,9.00591
551,1.0303899745989288e+18,1.5019999999999998,13.2088,4.3372,4357.0,0.28140324
552,1.0303899745989288e+18,1.5019999999999998,13.2088,4.3372,4357.0,0.28140324
553,1.0294986829863738e+18,0.16399999999999998,12.8472,0.85,9016.0,
554,7.061182944834725e+17,1.0759999999999998,11.0397,7.4345,5092.9136,0.5602210999999999
555,1.5544693057609733e+18,0.287,9.2961,3.6231,7822.6665,11.073091499999999
556,1.5605724886480768e+18,0.951,11.9263,0.6786,5394.0,28.375898
557,1.5605724886480768e+18,0.951,11.9263,0.6786,5394.0,28.375898
558,1.5605724886480768e+18,0.951,11.9263,0.6786,5394.0,28.375898
559,1.5605724886480768e+18,0.951,11.9263,0.6786,5394.0,28.375898
560,1.60918581472167e+18,0.7809999999999999,11.6616,2.0892,6103.75,3.6391418
561,1.60918581472167e+18,0.7809999999999999,11.6616,2.0892,6103.75,3.6391418
562,1.60918581472167e+18,0.7809999999999999,11.6616,2.0892,6103.75,3.6391418
563,1.60918581472167e+18,0.7809999999999999,11.6616,2.0892,6103.75,3.6391418
564,1.6038178615160486e+18,0.665,9.3928,6.1517,6196.467,3.3843153
565,1.6038178615160486e+18,0.665,9.3928,6.1517,6196.467,3.3843153
566,1.6038178615160486e+18,0.665,9.3928,6.1517,6196.467,3.3843153
567,1.486717669838291e+18,0.358,11.0696,1.5635,8366.0,
568,1.486717669838291e+18,0.358,11.0696,1.5635,8366.0,
569,1.29525401067335e+18,0.258,10.2568,2.2734,8816.0,
570,1.29525401067335e+18,0.258,10.2568,2.2734,8816.0,
571,1.5877659838868992e+18,0.872,12.4966,2.0622,5670.5,1.7689147
572,1.3883504848308052e+18,0.472,11.8165,1.4604,7777.75,6.6633935
573,1.3883504848308052e+18,0.472,11.8165,1.4604,7777.75,6.6633935
574,1.2785897093641395e+18,1.675,13.0554,6.1468,4225.5366,0.17239577
575,1.601890348912702e+18,1.107,11.3457,1.2621,4933.8125,15.167998999999998
576,1.601890348912702e+18,1.107,11.3457,1.2621,4933.8125,15.167998999999998
577,1.601890348912702e+18,1.107,11.3457,1.2621,4933.8125,15.167998999999998
578,1.2729440263914545e+18,0.529,10.142,3.7541,6721.75,4.5407839999999995
579,1.315899742370151e+18,0.785,9.9734,6.9004,5814.3335,1.5987631000000002
580,1.315899742370151e+18,0.785,9.9734,6.9004,5814.3335,1.5987631000000002
581,1.710634763319276e+18,1.256,12.6367,3.4589,5085.75,0.59533
582,1.710634763319276e+18,1.256,12.6367,3.4589,5085.75,0.59533
583,1.3807692490787187e+18,0.8590000000000001,12.0556,2.8988,5781.0,1.3337625
584,1.3807692490787187e+18,0.8590000000000001,12.0556,2.8988,5781.0,1.3337625
585,1.303391633670078e+18,1.339,11.924,8.333,4921.67,0.20485464
586,1.303391633670078e+18,1.339,11.924,8.333,4921.67,0.20485464
587,1.3291557637922609e+18,0.897,12.4009,2.0193,5520.0,2.0413495999999998
588,1.3291557637922609e+18,0.897,12.4009,2.0193,5520.0,2.0413495999999998
589,1.6237663009782502e+18,0.583,11.0606,1.4415,6676.5,13.213110999999998
590,1.6237663009782502e+18,0.583,11.0606,1.4415,6676.5,13.213110999999998
591,1.6237663009782502e+18,0.583,11.0606,1.4415,6676.5,13.213110999999998
592,1.6237663009782502e+18,0.583,11.0606,1.4415,6676.5,13.213110999999998
593,1.6237663009782502e+18,0.583,11.0606,1.4415,6676.5,13.213110999999998
594,1.6237663009782502e+18,0.583,11.0606,1.4415,6676.5,13.213110999999998
595,1.6237663009782502e+18,0.583,11.0606,1.4415,6676.5,13.213110999999998
596,1.6237663009782502e+18,0.583,11.0606,1.4415,6676.5,13.213110999999998
597,1.305102439403377e+18,1.806,14.9939,3.347,3975.3333,0.11321697
598,1.3120849223553964e+18,1.289,10.6427,2.1042,4774.12,10.871976
599,1.3120849223553964e+18,1.289,10.6427,2.1042,4774.12,10.871976
600,1.4300675322402624e+18,0.5670000000000001,11.9946,1.1493,7092.0,8.840622
601,1.4300675322402624e+18,0.5670000000000001,11.9946,1.1493,7092.0,8.840622
602,1.4300675322402624e+18,0.5670000000000001,11.9946,1.1493,7092.0,8.840622
603,1.4300675322402624e+18,0.5670000000000001,11.9946,1.1493,7092.0,8.840622
604,1.4307154581227684e+18,0.322,12.2096,0.9095,8830.667,
605,1.4307154581227684e+18,0.322,12.2096,0.9095,8830.667,
606,1.4307154581227684e+18,0.322,12.2096,0.9095,8830.667,
607,1.4307154581227684e+18,0.322,12.2096,0.9095,8830.667,
608,1.4307154581227684e+18,0.322,12.2096,0.9095,8830.667,
609,1.4307154581227684e+18,0.322,12.2096,0.9095,8830.667,
610,1.4307154581227684e+18,0.322,12.2096,0.9095,8830.667,
611,1.4307154581227684e+18,0.322,12.2096,0.9095,8830.667,
612,1.4307154581227684e+18,0.322,12.2096,0.9095,8830.667,
613,1.4307154581227684e+18,0.322,12.2096,0.9095,8830.667,
614,1.4307154581227684e+18,0.322,12.2096,0.9095,8830.667,
615,1.4307154581227684e+18,0.322,12.2096,0.9095,8830.667,
616,1.4370678865522214e+18,0.845,11.0809,3.3259,5784.0,2.486021
617,1.4370678865522214e+18,0.845,11.0809,3.3259,5784.0,2.486021
618,1.4370678865522214e+18,0.845,11.0809,3.3259,5784.0,2.486021
619,1.4370678865522214e+18,0.845,11.0809,3.3259,5784.0,2.486021
620,1.4370678865522214e+18,0.845,11.0809,3.3259,5784.0,2.486021
621,1.4370678865522214e+18,0.845,11.0809,3.3259,5784.0,2.486021
622,1.4370678865522214e+18,0.845,11.0809,3.3259,5784.0,2.486021
623,1.4370678865522214e+18,0.845,11.0809,3.3259,5784.0,2.486021
624,1.4370678865522214e+18,0.845,11.0809,3.3259,5784.0,2.486021
625,1.4370678865522214e+18,0.845,11.0809,3.3259,5784.0,2.486021
626,1.4370678865522214e+18,0.845,11.0809,3.3259,5784.0,2.486021
627,1.4370678865522214e+18,0.845,11.0809,3.3259,5784.0,2.486021
628,1.6501824071378253e+18,0.635,10.9519,1.9327,6427.06,8.12842
629,1.6501824071378253e+18,0.635,10.9519,1.9327,6427.06,8.12842
630,1.6501824071378253e+18,0.635,10.9519,1.9327,6427.06,8.12842
631,1.6501824071378253e+18,0.635,10.9519,1.9327,6427.06,8.12842
632,1.6501824071378253e+18,0.635,10.9519,1.9327,6427.06,8.12842
633,1.6501824071378253e+18,0.635,10.9519,1.9327,6427.06,8.12842
634,1.6501824071378253e+18,0.635,10.9519,1.9327,6427.06,8.12842
635,1.6501824071378253e+18,0.635,10.9519,1.9327,6427.06,8.12842
636,1.6501824071378253e+18,0.635,10.9519,1.9327,6427.06,8.12842
637,1.6501824071378253e+18,0.635,10.9519,1.9327,6427.06,8.12842
638,1.6501824071378253e+18,0.635,10.9519,1.9327,6427.06,8.12842
639,1.4322434013287378e+18,1.4680000000000002,13.3452,3.4123,4361.3335,0.4001323
640,1.4322434013287378e+18,1.4680000000000002,13.3452,3.4123,4361.3335,0.4001323
641,1.4322434013287378e+18,1.4680000000000002,13.3452,3.4123,4361.3335,0.4001323
642,1.306812828522395e+18,1.118,11.1035,2.5874,5058.16,4.3906884
643,1.3344817336943212e+18,0.828,11.7299,2.5806,5784.0,2.271138
644,1.3344817336943212e+18,0.828,11.7299,2.5806,5784.0,2.271138
645,1.3344817336943212e+18,0.828,11.7299,2.5806,5784.0,2.271138
646,1.3344817336943212e+18,0.828,11.7299,2.5806,5784.0,2.271138
647,1.341542625569129e+18,0.544,11.3754,1.8888,7009.0,5.7800902999999995
648,1.341542625569129e+18,0.544,11.3754,1.8888,7009.0,5.7800902999999995
649,1.340689198387514e+18,0.539,12.0842,0.8516,7129.0,14.838559
650,1.340689198387514e+18,0.539,12.0842,0.8516,7129.0,14.838559
651,4.550480466716666e+18,0.737,10.9423,2.4476,5973.6665,5.165849
652,1.3636312300555374e+18,0.441,11.6447,1.4581,7488.5,7.6881557
653,1.3636312300555374e+18,0.441,11.6447,1.4581,7488.5,7.6881557
654,1.3636312300555374e+18,0.441,11.6447,1.4581,7488.5,7.6881557
655,1.3636312300555374e+18,0.441,11.6447,1.4581,7488.5,7.6881557
656,1.657204236285583e+18,0.6809999999999999,10.9269,3.4199,6318.5,2.659643
657,1.657204236285583e+18,0.6809999999999999,10.9269,3.4199,6318.5,2.659643
658,1.657204236285583e+18,0.6809999999999999,10.9269,3.4199,6318.5,2.659643
659,1.3688891633795284e+18,0.6779999999999999,11.9092,1.3962,6361.3027,6.453913
660,1.3688891633795284e+18,0.6779999999999999,11.9092,1.3962,6361.3027,6.453913
661,1.3688891633795284e+18,0.6779999999999999,11.9092,1.3962,6361.3027,6.453913
662,1.3688891633795284e+18,0.6779999999999999,11.9092,1.3962,6361.3027,6.453913
663,1.3688891633795284e+18,0.6779999999999999,11.9092,1.3962,6361.3027,6.453913
664,1.3688891633795284e+18,0.6779999999999999,11.9092,1.3962,6361.3027,6.453913
665,1.3508919103792013e+18,0.527,12.2307,1.1976,7227.5,6.5746384
666,1.3508919103792013e+18,0.527,12.2307,1.1976,7227.5,6.5746384
667,1.6516020527440986e+18,0.586,11.5302,1.4636,6514.42,8.316379
668,1.6516020527440986e+18,0.586,11.5302,1.4636,6514.42,8.316379
669,1.6516020527440986e+18,0.586,11.5302,1.4636,6514.42,8.316379
670,1.6516020527440986e+18,0.586,11.5302,1.4636,6514.42,8.316379
671,1.6516020527440986e+18,0.586,11.5302,1.4636,6514.42,8.316379
672,1.6516020527440986e+18,0.586,11.5302,1.4636,6514.42,8.316379
673,1.6516020527440986e+18,0.586,11.5302,1.4636,6514.42,8.316379
674,1.6516020527440986e+18,0.586,11.5302,1.4636,6514.42,8.316379
675,1.6516020527440986e+18,0.586,11.5302,1.4636,6514.42,8.316379
676,1.6516020527440986e+18,0.586,11.5302,1.4636,6514.42,8.316379
677,1.6516020527440986e+18,0.586,11.5302,1.4636,6514.42,8.316379
678,1.6516020527440986e+18,0.586,11.5302,1.4636,6514.42,8.316379
679,1.6516020527440986e+18,0.586,11.5302,1.4636,6514.42,8.316379
680,1.6516020527440986e+18,0.586,11.5302,1.4636,6514.42,8.316379
681,1.6516020527440986e+18,0.586,11.5302,1.4636,6514.42,8.316379
682,1.6516020527440986e+18,0.586,11.5302,1.4636,6514.42,8.316379
683,1.6516020527440986e+18,0.586,11.5302,1.4636,6514.42,8.316379
684,1.6516020527440986e+18,0.586,11.5302,1.4636,6514.42,8.316379
685,1.6516020527440986e+18,0.586,11.5302,1.4636,6514.42,8.316379
686,1.6516020527440986e+18,0.586,11.5302,1.4636,6514.42,8.316379
687,1.6516020527440986e+18,0.586,11.5302,1.4636,6514.42,8.316379
688,1.6516020527440986e+18,0.586,11.5302,1.4636,6514.42,8.316379
689,1.6516020527440986e+18,0.586,11.5302,1.4636,6514.42,8.316379
690,1.6516020527440986e+18,0.586,11.5302,1.4636,6514.42,8.316379
691,2.159966820123727e+18,0.5720000000000001,8.7944,5.9056,6665.3374,6.346893
692,2.159966820123727e+18,0.5720000000000001,8.7944,5.9056,6665.3374,6.346893
693,2.159966820123727e+18,0.5720000000000001,8.7944,5.9056,6665.3374,6.346893
694,2.159966820123727e+18,0.5720000000000001,8.7944,5.9056,6665.3374,6.346893
695,2.159966820123727e+18,0.5720000000000001,8.7944,5.9056,6665.3374,6.346893
696,2.159966820123727e+18,0.5720000000000001,8.7944,5.9056,6665.3374,6.346893
697,2.159966820123727e+18,0.5720000000000001,8.7944,5.9056,6665.3374,6.346893
698,2.159966820123727e+18,0.5720000000000001,8.7944,5.9056,6665.3374,6.346893
699,2.159966820123727e+18,0.5720000000000001,8.7944,5.9056,6665.3374,6.346893
700,2.159966820123727e+18,0.5720000000000001,8.7944,5.9056,6665.3374,6.346893
701,2.159966820123727e+18,0.5720000000000001,8.7944,5.9056,6665.3374,6.346893
702,2.159966820123727e+18,0.5720000000000001,8.7944,5.9056,6665.3374,6.346893
703,6.705125959806268e+18,0.479,11.9681,0.911,7189.5,14.455829000000001
704,2.1109226529942129e+18,0.503,12.0712,1.3853,7282.0,5.7010612
705,4.5322095770578975e+18,0.6759999999999999,11.5168,2.2,6350.3335,3.7310731
706,2.0909482719292165e+18,1.009,12.3085,2.5486,5298.0,1.4324473
707,2.11916208389439e+18,0.52,11.7348,0.9492,6813.0,16.390848000000002
708,2.11916208389439e+18,0.52,11.7348,0.9492,6813.0,16.390848000000002
709,2.1314517033155308e+18,0.544,11.7813,1.746,6973.0,4.6513165999999995
710,2.1314517033155308e+18,0.544,11.7813,1.746,6973.0,4.6513165999999995
711,2.1001046998268657e+18,1.385,14.0195,2.4628,4683.1733,0.36389467
712,2.1555524183780503e+18,0.775,12.133,1.6903,5900.0,3.6294453
713,2.1555524183780503e+18,0.775,12.133,1.6903,5900.0,3.6294453
714,2.1555524183780503e+18,0.775,12.133,1.6903,5900.0,3.6294453
715,2.1555524183780503e+18,0.775,12.133,1.6903,5900.0,3.6294453
716,2.1555524183780503e+18,0.775,12.133,1.6903,5900.0,3.6294453
717,2.1555524183780503e+18,0.775,12.133,1.6903,5900.0,3.6294453
718,2.1555524183780503e+18,0.775,12.133,1.6903,5900.0,3.6294453
719,2.1555524183780503e+18,0.775,12.133,1.6903,5900.0,3.6294453
720,2.1555524183780503e+18,0.775,12.133,1.6903,5900.0,3.6294453
721,2.1555524183780503e+18,0.775,12.133,1.6903,5900.0,3.6294453
722,2.1555524183780503e+18,0.775,12.133,1.6903,5900.0,3.6294453
723,2.1555524183780503e+18,0.775,12.133,1.6903,5900.0,3.6294453
724,2.1555524183780503e+18,0.775,12.133,1.6903,5900.0,3.6294453
725,2.1270953008092155e+18,0.422,12.1521,0.8416,8019.6665,
726,2.1270953008092155e+18,0.422,12.1521,0.8416,8019.6665,
727,2.1419843761728325e+18,0.455,11.571,1.5993,7659.49,6.906531299999999
728,2.1419843761728325e+18,0.455,11.571,1.5993,7659.49,6.906531299999999
729,2.1419843761728325e+18,0.455,11.571,1.5993,7659.49,6.906531299999999
730,2.1419843761728325e+18,0.455,11.571,1.5993,7659.49,6.906531299999999
731,2.1419843761728325e+18,0.455,11.571,1.5993,7659.49,6.906531299999999
732,2.1419843761728325e+18,0.455,11.571,1.5993,7659.49,6.906531299999999
733,6.446437944961022e+18,0.6809999999999999,11.0816,1.8041,6429.6104,8.277957
734,2.2898642920607168e+18,1.471,14.2465,2.378,4438.6465,0.34700817
735,2.2898642920607168e+18,1.471,14.2465,2.378,4438.6465,0.34700817
736,2.0864483487928965e+18,0.597,11.964,1.2695,5952.0,7.500711999999999
737,2.0864483487928965e+18,0.597,11.964,1.2695,5952.0,7.500711999999999
738,2.0721154974953864e+18,0.642,12.2346,1.2428,6479.75,6.029807
739,2.0843805496838848e+18,0.772,11.8638,1.1096,5918.25,10.7834835
740,2.0812864552431816e+18,0.505,11.0876,1.6166,6867.435,10.262944000000001
741,2.243037225708118e+18,1.036,12.9628,2.156,4858.5,1.1941805
742,2.0579081579741169e+18,1.154,11.9136,0.5021,4852.0,57.97280500000001
743,1.8317232229835543e+18,0.478,11.4993,0.8078,7543.75,28.723143
744,2.1802912238534472e+18,0.206,11.9759,0.6502,8915.0,
745,2.1802912238534472e+18,0.206,11.9759,0.6502,8915.0,
746,6.426589840232009e+18,0.365,11.7581,1.308,8253.75,
747,6.67841999059243e+18,1.035,11.618,3.9283,5143.6523,1.16705
748,2.2160725620338104e+18,0.463,11.5423,0.8759,7878.6665,24.053444
749,2.2160725620338104e+18,0.463,11.5423,0.8759,7878.6665,24.053444
750,2.2160725620338104e+18,0.463,11.5423,0.8759,7878.6665,24.053444
751,2.171775746817647e+18,0.885,11.8901,1.714,5657.77,4.4806457
752,2.171775746817647e+18,0.885,11.8901,1.714,5657.77,4.4806457
753,2.0054815537956024e+18,1.016,12.5425,2.1459,5329.0,1.6218145
754,2.0054815537956024e+18,1.016,12.5425,2.1459,5329.0,1.6218145
755,6.407655872043272e+18,0.767,12.3462,1.172,6048.0,6.1658935999999995
756,2.2822453293170235e+18,0.723,10.9222,2.3949,5986.2,5.4939394
757,2.2822453293170235e+18,0.723,10.9222,2.3949,5986.2,5.4939394
758,2.2823564787720456e+18,0.924,11.5974,2.0983,5330.0664,4.0502753
759,2.2823564787720456e+18,0.924,11.5974,2.0983,5330.0664,4.0502753
760,1.937783660775698e+18,0.557,10.9985,1.928,6746.77,7.823771000000001
761,1.937783660775698e+18,0.557,10.9985,1.928,6746.77,7.823771000000001
762,2.0128631250965435e+18,1.007,12.4823,0.2969,5319.0,89.69263000000001
763,2.0128631250965435e+18,1.007,12.4823,0.2969,5319.0,89.69263000000001
764,2.0128631250965435e+18,1.007,12.4823,0.2969,5319.0,89.69263000000001
765,2.39013452983205e+18,0.516,11.757,1.6271,7318.0,5.5267067
766,6.521534078039632e+18,0.5479999999999999,11.4266,1.7523,6790.0,6.3873777
767,6.521534078039632e+18,0.5479999999999999,11.4266,1.7523,6790.0,6.3873777
768,2.0175586539153103e+18,1.029,12.01,2.5745,5110.62,1.9051398999999998
769,1.9441451258232264e+18,1.029,13.0827,2.0266,5176.25,1.1313921999999998
770,5.478054421808273e+18,0.7324691,8.181865,11.233114586830352,6087.5,3.1050725
771,5.476952058323255e+18,0.72597885,12.545191,1.2565536368306556,6011.0,4.471934
772,5.478130253750688e+18,0.97092915,10.120553999999998,8.023565716962818,5333.5,1.079017
773,4.854071535704475e+18,0.5781002,7.6366577000000015,7.246115914974427,6519.19,12.245504
774,4.0579142083125755e+18,0.07430315,6.9325466,0.9394834721204216,9480.333,
775,5.266660014149523e+18,0.9532795,10.672288,8.303326816917295,5342.25,0.6054285
776,5.265809885502657e+18,0.9269581,12.86602,3.4662695369362138,5449.6665,0.45469266
777,1.616781928241416e+18,0.37182045,8.413091,3.695374808829949,7455.1035,23.443449
778,4.669741095664085e+18,0.8748646000000001,11.162924,4.3477802129337615,5598.0,1.3672374
779,4.666498154837086e+18,0.8713474,11.06646,4.589519984044946,5493.5,1.3542615
780,6.818166264918748e+18,0.729805,12.317057,1.7024885980526985,6113.3335,2.9956968
781,5.495046927338722e+18,0.7448511,13.865441,1.0025078498097508,6068.3335,2.0783823
782,4.622714158708895e+18,0.7935934,11.390412,2.812205830427003,5817.5,2.6095538
783,5.277215016536576e+18,0.83663464,10.335524,7.4036583417879775,5635.233,1.0071725
784,2.1541204075620608e+18,0.82620955,7.7862954,15.849719389391925,5750.0,2.2805538
785,1.6346949311638477e+18,1.0872765,10.667828,10.71301520564534,5035.375,0.38434285
786,2.2764889049075174e+18,1.4659624,10.428502,2.5903901575889363,4432.5146,9.87148
787,2.2751404226156895e+18,1.9420605,14.841083,2.0478533804274903,3943.0,0.3558441
788,2.2728063312283315e+18,1.0398483,12.150138,3.1925667587906714,5057.07,1.1000926000000002
789,2.2904242870771886e+18,0.7557564,10.540478,3.151532579879602,5890.6665,4.5281715
790,2.2308422630664177e+18,1.1812391000000002,11.88488,6.262013812403254,4908.0,0.37731552
791,2.2807056694396498e+18,0.83831215,11.4701805,2.0732619571863,5791.5,4.467875
792,1.4142132660592215e+18,1.1610498,7.734165700000001,3.2970432900519,4879.0,62.70454
793,2.2142446196510182e+18,1.2808037,12.181176,2.15411591951062,5086.5,2.3348348
794,2.2112305146827162e+18,0.7554083,9.791104,1.9843025391459248,5862.0,22.80988
795,5.362045435353112e+17,2.1388435,13.739545,7.479903496179925,3753.325,0.08367311
796,5.297780355110605e+17,1.0607872,11.740083,4.656829563125755,5632.42,0.69837844
797,5.4502211139119334e+17,0.6734996,8.087295,5.124592399617564,6211.0,16.22573
798,5.6998305256521946e+17,0.9058256,12.104754,3.4304825008826785,5403.5,0.9408939
799,2.2235970011344256e+18,0.7128658,8.49522,7.142311196264608,6048.7993,5.762224
800,2.2233011637870636e+18,1.7270374,14.48263,3.8552607464430992,4194.0,0.11975958
801,5.3757353858552934e+17,0.17638922,7.3348309999999985,4.8710384378974245,8400.0,
802,5.3978929073922816e+17,0.90811443,11.13673,4.5177800752559465,5731.6665,1.2840558000000002
803,5.183168637453765e+17,0.7222843000000001,11.653584,0.35634484232003905,5964.0,126.635635
804,2.2293458320402688e+18,0.38273716,10.168403,1.4356953114708209,7363.7,30.71691
805,2.1554041561065582e+18,1.2748051,13.704943,2.454338562973974,5097.5,0.44107318
806,2.523627061193818e+18,0.7157173000000001,10.471292,2.89060253438953,6192.25,5.6770835
807,4.676564802265852e+18,2.4303923,12.84217,15.96710258343184,3864.1775,
808,6.130938001116545e+18,0.7436209,12.016774,2.321479683779872,5984.6665,2.1336815
809,3.505334470549841e+18,0.8308439000000001,10.744365,3.774390782320728,5802.25,2.6288543
810,5.357126834477758e+18,0.7650279999999999,10.956678,4.758312815268433,5871.0674,1.3551958999999998
811,5.259722027066095e+18,0.85900974,11.813854,0.5524268108863729,5733.4,46.02404
812,5.426803814018382e+18,0.8534632,8.328406,8.118396658988795,5622.0,5.3256197
813,3.501271053530782e+18,2.3767986,14.99088,4.282725442403477,3431.0,0.102516174
814,3.4991477247788104e+18,0.7029743,10.226318,3.247801261601808,6043.0347,5.6589255
815,3.0609565039079916e+18,0.6430168,11.627617,1.7779796889481878,6705.565,5.152471
816,6.650690371764838e+18,0.73385906,10.384009,4.953775817340868,6083.0195,2.1008794
817,2.229309341997729e+18,1.0560798999999998,10.258587,9.397935130356787,5117.76,0.7165073000000001
818,5.0084545217351206e+17,0.36934566,5.8802643,9.781386039714056,7449.53,34.479084
819,5.317922441698512e+18,0.17012024,8.266172000000001,1.8807005110852133,8750.75,
820,1.1459470661298582e+18,0.68652725,9.405689,6.102492721055123,6139.4,3.4032120000000003
821,8.59626404236661e+17,0.6891326999999999,9.459526,5.4696916636309405,6129.5,4.0323467000000015
822,8.643729272139402e+17,0.69243526,8.656353999999999,9.238584732432443,6198.7993,2.956671
823,1.4211270982535962e+18,0.75901794,9.287492,8.223148694340464,5941.5,2.1041198
824,4.653000064764423e+18,1.1020736999999998,11.3118305,5.211247956775277,4974.6,0.90931857
825,4.652999862916215e+18,0.65270996,9.327803,6.7141251124146235,6411.035,3.0063887
826,5.517455219151534e+17,0.7125683,10.623746,2.3167728577688917,6129.575,7.6918006
827,4.648210527690482e+18,0.72036505,8.088258999999999,9.643709553030844,6137.75,4.5857058
828,4.623970552607334e+18,1.0226974,11.987974,1.890386247942418,5307.0,3.4934766
829,4.650570251448825e+18,0.641428,10.134224,1.8615456113063193,6419.515,18.606958
830,5.265856885329447e+18,0.9397268,11.864563,2.8275220857669083,5424.6665,1.7236093999999995
831,5.265050015603242e+18,1.429327,12.093753,0.9880899986507262,4531.7427,14.054637
832,1.5625863129130348e+18,0.70390034,11.278459,2.8353246309897795,6324.29,2.7989135
833,5.260710969048468e+18,0.6058569,11.594111,0.7901032182593953,6680.47,26.90636
834,5.265650696835405e+18,0.7658758000000001,12.823452,1.4404456898364828,6081.6665,2.6273692000000004
835,5.704192795069302e+17,0.7154989,11.921384,1.4751427275910096,6419.5,5.7133512
836,1.0701230262913821e+18,0.66529465,9.572582,7.4299765416991805,6232.267,1.9644611
837,1.1279097153155039e+18,0.709733,10.715636,4.071271150741351,6094.9175,2.2909026000000003
838,1.6836776244237537e+18,3.0045605,12.98671,57.508622560841005,3869.46,
839,1.1193212238322566e+18,0.72120094,8.988697,4.175366211542338,5998.0,10.722038
840,1.6826285185321605e+18,0.68885374,8.357316,7.733768162694577,6063.9746,5.5773735
841,4.759179627779754e+18,0.54264927,9.581469,4.288774497980927,6902.805,5.840721599999998
842,4.758403754823748e+18,0.9866829,11.567254,5.338134876624938,5344.0,0.6422467
843,4.756821557595435e+18,0.69737434,12.918353,1.1902240885086826,6277.6665,3.509875
844,5.476967172310178e+18,0.88060856,11.3025055,3.477220950371384,5475.0,1.901923
845,5.478303942228108e+18,-0.21191692,6.1059303,2.277035341428511,8868.667,
846,1.6922482445475446e+18,0.56438637,12.248827,1.296611659621693,7003.3335,5.4862223
847,1.0749004687379916e+18,0.7100897,10.3839445,3.1173230951264346,5992.0,5.322353400000001
848,1.5671331714505485e+18,0.41490698,8.1008415,3.622597589603689,7229.5,32.243473
849,1.7219184326798638e+18,0.7207308000000001,9.621856,6.9859455269704975,5984.1997,2.1388700000000003
850,2.1306476510776054e+18,0.46034622,11.291936,1.4211973560361781,7389.75,11.149089
851,2.1303024774462008e+18,0.6838608,12.240069,1.6491107869984205,6375.2124,3.4101547999999995
852,1.6173619206247345e+18,0.6672878000000001,9.051322,8.413679230873473,6180.075,2.4787872
853,1.7240591130984392e+18,0.48994923,7.620476700000001,8.433501381019068,7035.0,9.214726
854,1.7078946085438715e+18,0.6004467,10.105054,1.8318829047818068,6511.625,19.726303
855,1.710280239538685e+18,0.7757683000000001,9.260472,10.244496384929624,5894.6665,1.3928468
856,1.69328776836779e+18,0.74341965,10.703437,3.8032083877355913,5957.175,2.6679547
857,1.6963410777984174e+18,1.0435991,9.916839,2.0111559508903984,5144.76,21.329676
858,1.6544412322841165e+18,0.6948395,11.569738,1.9327309921099285,6295.0,4.608179
859,1.70328703634842e+18,1.2821417,13.755725,2.731933905436415,4770.8735,0.3670559000000001
860,1.7030486141237194e+18,0.74205875,9.300578,8.700586292560974,5955.5,1.8559045
861,4.810245453195049e+18,0.7656641,11.714939,2.559192281905241,5913.0,2.3255
862,4.81016989613049e+18,1.0350227,10.295382,2.5895043462261333,5225.6,8.957374
863,1.5887604921537725e+18,0.95629215,9.623503,1.8857505428433543,5345.5063,30.826757
864,1.6020570280036552e+18,0.13120365,9.271778,2.5695808285505097,8350.0,
865,2.1316318213621315e+18,0.64890957,10.883071,2.2461667548370956,6425.486999999999,6.411771
866,1.5537261733389688e+18,0.7272959,11.548371,3.523998248368448,6021.6333,1.4234613
867,1.5528050918312724e+18,0.8951806999999999,10.466537,6.893722822436692,5590.535,1.0334896999999998
868,1.6008073256632428e+18,0.8603306000000001,10.355132,5.593884899175172,5713.475,1.7226049
869,1.6025864084925489e+18,0.80182266,8.447026,12.733525084903286,5816.0,1.9149376
870,1.6679767014585503e+18,0.037492275,3.5477965,12.18226431039666,7836.0,195.3465
871,1.6603976303691597e+18,2.74187,12.999764,21.671721622297696,4124.74,
872,5.280249737354083e+18,0.6534281,10.6089,1.5496025950440049,6296.0,17.368412
873,5.286334086804981e+18,0.6503372,10.848167,1.4103084382041504,6342.0,16.810461
874,5.479195543079745e+18,1.034195,13.484375,1.324504650690174,5128.6665,1.845022
875,2.1385512198350162e+18,0.61671543,5.7657475,24.70898092885929,6377.467,5.9058465999999985
876,1.4152520640291768e+18,1.2427006,12.469148,4.935347396147873,4881.027,0.35702392
877,1.5896808521056983e+18,0.5111922999999999,10.592091,1.8911261131556032,6998.99,11.860753
878,1.5994344135972695e+18,0.6243,9.704928,5.004748658185339,6323.26,3.8269157
879,4.683659912142858e+18,0.7730732,11.439384,3.2433853382110254,5877.25,1.8693616
880,4.681673648683533e+18,0.8380841999999998,8.644803999999999,5.9462751311159785,5765.5,7.3410964
881,1.6245510774026445e+18,0.7227268,9.52232,6.510645576304473,6005.1997,2.6968157
882,1.6245510086831677e+18,0.97699785,8.394291,6.516048943060945,5355.83,7.9989195
883,1.432279887075354e+18,0.8185234,11.871748,2.530925149554337,5840.0,2.0655103
884,1.4323677449256207e+18,0.6757479000000001,12.103219,2.081586531469202,6550.6665,2.4251337000000004
885,1.4341214359083108e+18,1.0495396,10.48899,6.7787916675018245,5128.6333,1.1116306
886,1.4203499840505654e+18,0.67926216,9.618675,5.026714154644121,6026.6997,4.13665
887,1.6398881307396068e+18,0.4349947,8.464599,4.790188514616314,7108.4233,13.147498
888,1.6411860698562975e+18,0.71735287,9.967102,4.725752981136582,6087.725,3.3886936000000003
889,1.4270817096319314e+18,0.8009043,10.95787,1.662106776058403,5779.4,11.151489
890,1.4307154581227684e+18,0.32223988,12.209572,0.9094684520552214,8830.667,
891,1.4272319604719616e+18,0.8176918000000001,10.921994,3.0663185971589955,5738.0,3.3955547999999998
892,1.427349539497449e+18,0.9457331,12.393694,1.8566256214929329,5395.0,2.4641643
893,1.4370678865522214e+18,0.844532,11.080869,3.32592484514454,5784.0,2.486021
894,1.6139915395285238e+18,0.31826687,11.727145,1.2598254298662008,8284.0,
895,1.4292943694075162e+18,1.06563,10.741207,1.5229008553318155,5070.1865,17.652720000000006
896,1.5605724886480768e+18,0.95113087,11.926259,0.6785746615244286,5394.0,28.375898
897,5.548629702372666e+18,0.59013844,11.134953,2.0073569468638377,6707.25,6.363406
898,4.782816314573412e+18,0.0036268234,8.717239999999999,2.8916857689677347,9640.5,
899,4.785318661303408e+18,1.4653348999999998,12.0653305,6.815961585128527,4526.93,0.303764
900,4.770978525711924e+18,0.30301762,10.66123,1.617064109232167,8208.0,
901,1.7117803857158152e+18,0.6854819999999999,9.546597,5.130573740197772,6625.25,4.205643
902,4.775082762100348e+18,0.66260624,10.75347,2.8692802564142186,6289.0,4.43481
903,4.776318613169947e+18,-0.33485413,7.647801400000001,0.96696961831749,8868.667,
904,4.762104741025797e+18,0.78300095,10.701546,6.322114986792148,5909.0,0.96924907
905,4.696110305075243e+18,0.7011061,11.4813175,2.539841316311377,6584.6426,2.8883758
906,1.432203406593171e+18,1.7006511999999998,14.628532,2.9456090846643286,4198.2334,0.17893127
907,2.240568371127094e+18,0.7651595999999999,12.009648,1.4748437046082905,5934.0,5.3325486
908,2.26078777148715e+18,0.925519,9.151923,8.363456939900173,5453.0,2.388637
909,2.2653237766437473e+18,0.65981007,9.701615,2.8786474267853066,6303.5,11.606132
910,2.2560768494953267e+18,1.7366734,12.928914,9.092057355496117,4167.9854,0.09140009
911,2.251833280070931e+18,0.6648779,10.239127,2.4765047132811935,6269.2007,9.5636635
912,2.2520181741196457e+18,0.7721548,10.489678,3.9914267488733786,5715.4497,2.9886732000000005
913,1.694115558888697e+18,0.8283700999999999,10.415131,6.085495575792941,5759.0,1.3731141000000002
914,1.6499057124603584e+18,0.84623146,11.688077,1.7113814447289546,5732.1025,5.3850440000000015
915,2.2544609110013373e+18,1.333231,14.0960655,2.39250121689788,4725.58,0.35457343
916,4.655651365254715e+18,0.8118,11.492597,2.3571870532779893,5850.5,3.3745408
917,4.793035862836965e+18,2.3458529,13.613774,13.018595576469945,3441.0,0.039116792
918,4.795400323937085e+18,0.8492049999999999,11.410242,3.275814659897326,5759.225,1.8949996
919,1.423005064114448e+18,0.776412,10.572822,3.678434109844227,5746.1,3.2527983
920,1.4182994979442573e+18,0.9253464,8.52257,18.01472599097854,5577.0,0.90795237
921,1.4216330454007373e+18,1.4452095,14.235014,2.4414358582734765,4617.8677,0.310367
922,1.6376924747378693e+18,0.58106184,7.9426184000000015,9.37972848212034,6552.5,5.512933
923,1.6389762576425006e+18,2.3981667,13.676295,21.42041777068892,3764.43,
924,2.2365328585143823e+18,0.59989643,9.85144,4.19842909383758,6477.6,4.7444215
925,1.5114572698752453e+18,2.9031725,13.953324,16.43677323959641,3961.8264,
926,2.2533432917894676e+18,1.6138066999999998,14.826852,2.639181185093071,4319.8066,0.17430414
927,2.1571681850744596e+18,0.30357075,9.751928,2.1715688298802465,7808.5,20.232088
928,2.2538511287226972e+18,0.5688267,9.60673,4.4210577225259975,6709.5674,5.360192
929,2.159966820123727e+18,0.57154083,8.794374000000001,5.905631697734949,6665.3374,6.346893
930,2.159959948176041e+18,0.9250431,13.226384,1.9414800372305159,5422.6665,1.043174
931,2.256762326276438e+18,0.42369223,6.5286655,8.105809313945258,7103.5,27.307270000000006
932,2.29170855101709e+18,0.8543625,10.900438,2.612173214245735,5721.0,4.77816
933,2.2440012225269504e+18,0.51950645,9.049446,5.039270571561947,6893.064,6.9047722999999985
934,2.2431433285803556e+18,-0.031946182000000004,5.6804147,8.004967543602291,9438.0,
935,2.289068176923198e+18,1.1416903,12.048644,5.814394680906677,5056.56,0.36420166
936,2.288385277122497e+18,1.4241467,13.493825,2.869126996933732,4668.6665,0.43718314
937,2.2879628241395082e+18,0.6016569,9.013882,5.147563849347222,6526.0,6.8247100000000005
938,2.2879902088507366e+18,1.730938,14.682763,2.6056077505567226,4096.1797,0.23087795
939,5.551317699065626e+18,0.70015335,9.034526,6.499557847114178,6148.6665,4.2217902999999986
940,5.508748010453477e+18,0.7327709,9.131302,7.559310096729307,5961.3,2.8727221000000003
941,4.641637024405934e+18,1.1713638000000002,11.697662,2.3334339379227216,4919.0,3.2201214
942,4.633052007552688e+18,2.7771425,15.082184,11.87577587463697,3827.7825,
943,1.626928908737237e+18,0.66095924,8.741756,5.284607383520066,6239.3335,8.345709
944,5.549428424554873e+18,0.76039314,11.922999,2.7921929464987123,5974.5195,1.6086205
945,5.500760436439199e+18,0.054039955,9.989673,2.0517406003644605,9196.75,
946,5.501640900433248e+18,0.52878094,8.945402,4.60779512065536,6809.195,9.080258
947,5.501660111822582e+18,0.32032776,9.385094,2.000899217690884,7667.5,33.058235
948,4.264585771200173e+17,0.30099297,9.021467,2.3736977726292774,7824.25,33.227764
949,2.2246320538909716e+18,0.6183386,9.601035,4.3847105131403845,6379.3335,5.4825945
950,2.2727738956354107e+18,0.5429921,8.315078999999999,3.1914895547133315,6706.08,33.7986
951,4.770467012286824e+18,0.9693022,10.849952,7.949707453815725,5317.0,0.5626885
952,2.2510869221307766e+18,0.31571102,8.087587,5.4868590552071534,7845.75,14.725509
953,2.2415408591006597e+18,1.2852421,14.486165,2.0490503898525203,4995.105,0.31462929999999995
954,2.2621936731987305e+18,0.7240858,10.021475,6.803256943333155,6007.9,1.5594089
955,2.2642728797497774e+18,1.0565319,13.498818,1.2112042624221109,5395.4,2.0922463
956,2.2613367756834698e+18,1.0238123,12.649018,2.5250641885222893,5083.3027,1.1050436
957,2.2618870468934487e+18,0.46111393,9.3564415,5.260426202340311,7184.8965,4.804305
958,2.2616584859141117e+18,0.65471554,9.442043,5.357699255731322,6249.4,4.25926
959,4.787430926219439e+18,1.1816044,11.555727,8.325251066199158,4959.68,0.2855669
960,4.78407230045001e+18,0.86892223,10.724752,7.078470559125856,5523.9136,0.77753085
961,4.77791001881235e+18,1.0111122,11.104956,5.9398179177361845,5131.15,0.8206075999999999
962,4.783148916840742e+18,0.6292839,8.432878500000001,6.1556984859020565,6391.9805,8.156775
963,4.783474917742309e+18,0.25899792,9.59417,1.8987433695182605,8131.25,
964,5.494443978353833e+18,0.7372999,11.876371,2.4773500177833454,5977.0,2.1329362
965,5.499045129574441e+18,0.6388626000000001,10.152107,3.5665683689407413,6427.16,4.9858613
966,5.494893472450953e+18,0.6960459,9.538428,4.193340004914594,6167.6826,6.373483
967,5.482799600458795e+18,1.187005,11.631124,5.218541436096462,4903.2554,0.68713367
968,5.481717238637689e+18,0.79678154,11.064435,2.5071910096872325,5838.0,4.42775
969,5.212158008737453e+18,1.008379,11.810016,2.357580801529238,5270.33,2.6599946
970,5.210696143605692e+18,2.6627665,14.91928,5.44577552615046,3526.3333,0.06276227
971,1.1294908817552172e+18,1.1118879,11.268192,8.158064816097761,4983.0,0.38554102
972,2.2920317387163497e+18,0.5282439999999999,9.257904,3.6141842896552014,6762.42,11.063414
973,2.2486630487492672e+18,1.8066025,13.423776,8.240971373361727,3916.5,0.08252686
974,2.3033646799412844e+18,0.31098747,9.042388,3.588684170469743,7820.0,14.254609
975,2.2094257737263237e+18,0.9868306999999998,11.539835,0.936945463198996,5336.0,21.403156
976,2.016971381567306e+18,0.28033447,10.455303,1.2713905037082758,8252.0,
977,2.0169728246763182e+18,0.38826752,9.131758,3.171106978760496,7386.0,16.373075
978,5.262536570666384e+18,0.8641405000000001,10.712207,1.941423736690662,5713.0,10.293339
979,5.21504309288896e+18,0.6936197,8.898736999999997,5.469379552031121,6147.5,6.7564205999999984
980,1.69577798610978e+18,0.3753252,9.06943,3.5556080610582987,7452.0,13.832868
981,1.6465496593748713e+18,0.70893955,9.776806,4.440099477323449,6143.35,4.5669527
982,2.0129336312815908e+18,0.5046921,10.00407,1.6411797552236913,7132.855,27.146088
983,2.136577733902648e+18,0.7751188,11.334217,2.9249945036618454,5885.4,2.5312342999999995
984,1.413786483748745e+18,0.13956308,7.0746093,5.971073629145647,8174.0,
985,1.4141041051701174e+18,0.927866,9.602567,9.276377436165909,5436.0,1.2844902
986,1.409275423762821e+18,0.67243576,11.425042,1.639316206435189,6257.625,7.323188
987,5.206772708160816e+18,0.3774166,9.786409,3.3369660938500703,7398.5,8.094955
988,2.1354887707158344e+18,1.2265806,12.45449,4.1359828077655045,4981.74,0.50314075
989,5.484275218079898e+18,0.79177,9.956081,4.892483585327166,5823.4,3.229906
990,5.497190146082301e+18,0.7505064,12.050678,1.9120744172905608,5974.5,3.0497458
991,5.484778171633161e+18,0.6869917,10.231329,3.655784099545828,6185.3335,4.4278646
992,5.48451250643287e+18,0.8621835999999999,13.415253,1.0773666945087623,5796.0,2.7576382
993,5.497313536199557e+18,0.07263851,9.877179,1.5558226077762878,8917.0,
994,5.338907587518593e+17,0.78019524,11.587341,1.059105919433938,6070.5,15.178628
995,5.480636311333638e+18,0.6106863,11.736937,1.1218108946469727,6653.8604,11.700782
996,2.2273872582347459e+18,0.90160084,9.286012,2.796191718017162,5549.5,18.702394
997,4.722668561767782e+18,0.6028929,7.779004,9.442938894103431,6445.0,6.3271523
998,4.658516868697568e+18,0.9248905,11.069323,4.737551803209202,5487.0,1.2684561
999,5.42114173716096e+17,0.7556095,11.217066,2.52660963079438,6170.225,3.7405818
1000,5.005515046125047e+17,0.5755768,9.722975,5.5101506976067895,6642.5493,3.099559
1001,4.963697182912152e+17,0.54032326,10.268393,2.8100972593930686,7052.0,7.2450333
1002,5.216440507746561e+18,0.7405262,9.532555,4.557400226941285,5957.5,5.4624996
1003,1.619736556503018e+18,0.5660348000000001,6.723317599999999,9.706856140341886,6654.4766,15.825058
1004,4.2726005237825114e+17,0.41989136,10.517355,0.323005645149593,8039.5,
1005,4.2697754661108365e+17,0.8556050999999999,11.128995,2.6419807572440424,5577.275,3.827175
1006,5.240136740076324e+17,0.8069153,5.127464,4.5458214461616935,5895.0,318.3144
1007,1.706447376364059e+18,0.5979266,7.261623399999999,6.7104594593810045,6502.3335,20.170906
1008,1.5515927771846267e+18,0.70326424,10.700453,3.5890108914662218,6547.6665,2.969506
1009,2.2938302992204416e+18,0.81724167,11.878498,1.746295806560249,5812.3335,4.318355
1010,2.2962228021632622e+18,0.7259264,11.251171,1.8053154180809792,6180.5,7.0984135
1011,2.2941708385875727e+18,1.3024053999999998,11.81041,8.438086387384269,4783.49,0.23000248
1012,4.8626647774568435e+17,0.91010284,11.282389,5.245351569294806,5588.656999999998,0.84216154
1013,5.355403354303927e+17,0.7830477,10.322368,1.9115413522218883,5872.1665,15.060548
1014,5.44437922821311e+17,0.66489697,8.613617,10.052932805841596,6323.5996,2.591494
1015,2.1486191385709947e+18,0.44051552,11.737922,1.3202123008460722,7348.81,8.553694
1016,1.1417690937442415e+18,0.7435465,9.100801,8.370839880085503,5927.3335,2.412994
1017,5.7304436351805594e+17,0.3779049,8.748534,5.081814181016805,7450.0,9.099559
1018,5.493620139204796e+18,0.50032663,7.742065400000001,9.032364230728938,6828.0,7.1597576
1019,5.486825565363145e+18,0.6684675,9.026382,7.505794819886951,6148.0,3.1895952000000003
1020,5.4857836793139e+18,0.38014984,6.77349,6.452273546942309,7382.0,34.702602
1021,4.668876157970253e+18,0.93499947,12.312708,3.3607439387323765,5348.0,0.815083
1022,2.1334763551970716e+18,1.6738892,11.747176,13.289317430401118,4196.5,0.12502325
1023,4.654713348711106e+18,0.84255314,11.030038,2.5200353729796268,5676.1,4.570933
1024,5.268829762908403e+18,0.8666811,11.229745,3.957241116357988,5632.0,1.547519
1025,5.267716679183867e+18,0.56103325,10.5590925,1.4355388237756597,6726.385,21.149437
1026,5.270358663889957e+18,0.64870167,10.383258,4.012579066569708,6556.8604,3.1816802
1027,5.223061217014137e+18,0.6847935,10.840198,1.6647624522564066,6494.225,12.137013
1028,5.418013325942629e+17,0.26151420000000003,6.204546,15.314829589479238,7870.0,10.731519
1029,5.455608677906111e+17,0.7550640000000001,8.032975,12.777570674078765,5925.0,2.7693229
1030,4.66176444806094e+18,0.86846447,10.517036,2.913517506216168,5534.0,5.5516677
1031,2.1956037443294031e+18,0.8002968,7.8371559999999985,13.090258412904866,5857.5,3.1704662
1032,2.1968191857154842e+18,1.1300591999999998,11.450918,8.853396688802341,5021.39,0.27437675
1033,5.221286158569529e+18,-0.086200714,5.305952,7.996317042457987,8704.333,
1034,5.221745823149029e+18,2.1718845,13.542936,9.262332177725394,3568.0,0.07467259
1035,5.271837751845036e+18,0.8939809999999999,10.873005,6.172951402022082,5490.6665,0.8948699000000001
1036,5.277379015572218e+18,2.0206718,12.094307,12.871082431663284,4076.44,0.10391234
1037,5.276063548689446e+18,0.7561836,9.460322,8.010727655522327,6082.1997,1.8811165
1038,5.277370356917351e+18,0.100315094,5.209052,12.54095759422031,8774.0,
1039,5.190310785710587e+18,0.7624569,10.605417999999998,6.203130911546233,5788.84,1.107035
1040,1.6083020822506998e+18,0.6795645,12.238553,1.119478125730654,6352.0,7.412542
1041,1.6180698343139187e+18,0.6190872,8.832614999999997,4.823248275813672,6337.08,9.1997795
1042,4.659189872865777e+18,0.9615259,11.287541,1.9889092754695847,5365.6665,5.969322
1043,4.657339600951344e+18,0.7028321999999999,12.866316,1.1271350392083834,6330.6665,4.1026273
1044,2.1911337485362652e+18,0.3605795,6.346606,1.2428076449362435,7536.5,1396.0410000000004
1045,1.620521023689705e+18,0.675004,9.586267,5.579073852189069,6212.5,3.441881
1046,4.671668569611227e+18,0.69249916,11.304792,1.1771705088243851,6599.5,15.819686
1047,4.671085111189652e+18,0.9873867,10.67091,7.204169794333391,5371.0,0.80232024
1048,5.501348705216776e+18,0.7466735999999999,11.076702,3.426358885069699,6015.25,2.3255174
1049,1.4177265493067075e+18,0.6202078000000001,10.452545,2.3756500505401634,6428.32,8.521131
1050,1.4180109448612472e+18,0.70195675,10.776574,3.407066036607476,6126.025,3.0898998
1051,4.6668092822677e+18,1.5933933,12.735592,6.559714412059972,4462.3335,0.18155615
1052,2.2240840160649935e+18,0.12754154,7.840683999999999,5.787857156155107,8634.601,
1053,2.2836268313137777e+18,0.5087929,7.4887114000000015,5.022120136521998,6809.0,29.24058
1054,5.195896888895916e+18,-0.19830704,5.0385613,5.657162253252598,8868.667,
1055,4.228414887963223e+17,0.72815704,11.469189,1.236017761646076,6551.025,12.333519
1056,4.228349948057729e+17,0.77002144,12.110237,1.3631510412467485,5890.5,5.701354
1057,4.282466235444124e+17,0.13134575,7.1984587,4.169149162531535,8900.0,
1058,1.4209310415865498e+18,0.38301563,8.993099,2.874556179088489,7406.8003,22.659693
1059,1.5120758482435354e+18,0.9223871,11.057263,3.5353858251808132,5431.0,2.3172987000000003
1060,2.2031025167226852e+18,0.12062836,7.26664,0.9712246874595784,9064.667,
1061,4.629236113793068e+18,0.8429575,10.729669,2.9647691322106464,5562.967,4.3958883
1062,2.2064294670974228e+18,0.67920685,7.848014,1.0111287624344083,6155.843000000002,520.20776
1063,2.205311401215068e+18,0.6129246,8.828378,2.2851548490650444,6430.267,41.104652
1064,2.0069842425839222e+18,0.15530205,10.168897,0.871604690398111,8869.5,
1065,2.0069832805108324e+18,0.27484512,10.343084,1.0182149897242938,8911.0,
1066,5.287097942445446e+18,0.866662,9.284646,3.6356061777344357,5659.3335,10.974172
1067,5.28255503527502e+18,0.7676182,11.408729,1.9090869922518665,5974.5195,5.525881299999999
1068,5.28234640294496e+18,0.7233887,9.775654,3.3075882162057675,6056.725,8.259559
1069,5.288762774849168e+18,1.2743301,10.858422,0.7936736829263492,4776.41,62.605724
1070,5.29306530128682e+18,0.83524513,10.9066515,2.6970887202151257,5763.5,4.444021
1071,5.288509401840954e+18,0.4065857,10.289219,1.343983679821225,7400.0,31.407534
1072,5.289291395127135e+18,0.2271986,8.382126,1.7727222287134712,9386.5,
1073,4.759869953578204e+18,1.1581631,11.019922,7.631801074205298,4942.045,0.55890197
1074,4.766130332269165e+18,0.36587334,9.165058,4.97306812297218,7508.0,6.4927235
1075,4.759175611985554e+18,0.62005615,9.608467999999998,4.3122844615346,6345.4453,5.6318807999999985
1076,4.765755982919248e+18,0.73682976,11.694948,3.046731315596149,6006.0,1.664818
1077,4.767547667180526e+18,0.67973995,8.940037,8.756594510158013,6088.0,2.5417128
1078,4.765834696783378e+18,0.4970827,9.202104,4.309493262036316,5831.0,8.333055
1079,5.33045612269354e+17,0.5451803000000001,10.205456,3.2664951426465136,6704.843000000002,5.656764
1080,2.084719405426211e+18,0.5896883,9.50562,2.9429527094407235,6524.0,13.274814
1081,2.2752097949275305e+18,0.90326214,11.289838,1.9617586379500795,5481.6665,6.0412693
1082,5.316876810485134e+17,0.6691828000000001,11.126109,1.5132823220870706,6417.5,11.293706
1083,2.1520847605648855e+18,0.61662483,10.157494,1.614150659654324,6549.75,24.206244
1084,2.1503679118147958e+18,0.7074852,10.692321000000002,2.7748417366612643,6260.7725,5.018955
1085,5.452031872116511e+17,0.54303837,10.129378,3.049890118284272,6899.6665,6.972396000000002
1086,5.175806376241304e+17,0.8019552,10.908935,2.6057443468891583,5792.0,4.7427588
1087,5.451820173167638e+17,1.1445847,9.0523615,4.649563839305573,4908.25,9.295856
1088,5.273195373828807e+18,1.1408148,10.815265,2.560508569997292,4989.527,5.9311695
1089,5.505341001875855e+18,0.65288544,11.190019,2.468887968870374,6494.3335,3.9983883
1090,1.6369167692844165e+18,0.28239918,8.86025,3.3870136258501637,7872.0,19.012972
1091,1.3644349000412275e+18,0.42136383,11.969997,0.901977920667744,7798.0,15.191131
1092,1.3686946486047992e+18,0.5196972,8.424199,2.965501899569858,6784.0,35.421795
1093,1.6516020527440986e+18,0.5858840999999999,11.530169,1.4636192642751118,6514.42,8.316379
1094,2.1493425485024082e+18,0.7676163,10.805628,3.7861567262713214,5887.0,2.4580283
1095,4.652691621690492e+18,0.87933254,11.140305499999998,3.537309171919081,5471.2266,2.134841
1096,1.1302935896673016e+18,0.433033,10.23244,3.2289699242210004,7610.0,5.795231299999998
1097,2.1541519111447928e+18,0.7456341,9.977406,3.0508652025634504,5983.25,8.083232
1098,2.1542718309283784e+18,2.459055,14.783738,7.248507129803673,3615.715,
1099,1.693176541598465e+18,0.54809475,10.122292,2.1177708814665577,6740.0,14.53209
1100,2.26890973073837e+18,0.8572359,10.985884,7.666598623956466,5802.5,0.51008296
1101,2.0040898469359588e+18,0.7021321999999999,10.243005,3.223970381888072,6682.1523,5.609008
1102,1.1345685982512078e+18,0.72031784,10.127149,4.7028051699954645,6163.0,2.946759
1103,4.758831151312794e+18,0.6730223000000001,12.786974,1.0131750305185376,6389.6665,5.4585366
1104,5.029400518863388e+17,0.5924902,10.683384,1.472290833613017,6545.533,17.925709
1105,2.2249862684371886e+18,0.41892433,8.8369875,1.9052515370802707,7757.0,60.794224
1106,2.2249862684336425e+18,0.4131508,9.950557,1.6916032462677295,7359.1797,27.037457
1107,2.1551887205473157e+18,0.5125036000000001,10.378603,2.2185425427921843,6987.51,10.488724
1108,2.1534746506393697e+18,0.10586834,8.391053999999999,3.45235040774216,8842.0,
1109,2.213047255786256e+18,0.7165117,11.056754,1.7822233275633528,6058.75,8.741511000000001
1110,2.1555524183780503e+18,0.7746668000000001,12.133034,1.6902636896129224,5900.0,3.6294453
1111,4.764373175248905e+18,0.3635769,10.031095,1.620055793212173,7542.9326,27.605867
1112,4.770268786659959e+18,0.62418556,10.341303,2.553006211805112,6495.34,8.170869999999999
1113,5.287850386354276e+18,0.9297886,11.084614,4.6744671457499765,5487.0,1.2847033
1114,5.30471490187664e+18,0.59306335,10.538485,2.246272534061026,6555.1997,8.800142
1115,4.67827959372735e+18,0.54938793,8.585045,3.4789880150725176,6684.5,22.17944
1116,2.269988420365978e+18,0.79926205,10.768799,3.507481951034189,5838.0,2.9704456
1117,2.2820829108324398e+18,0.1710558,10.1200485,1.0735105536097582,8899.0,
1118,2.2863135524006592e+18,1.6024628,11.026539,15.370683494160446,4272.66,0.17426978
1119,5.212578365776903e+18,0.8618469000000001,12.310657,0.9025087600348586,5744.5,10.904143
1120,2.1543136123703803e+18,0.44547176,9.238184,3.8048329054036327,7165.3335,10.23459
1121,4.678835465574638e+18,0.36130905,12.727129,1.1233778049416172,8042.3335,
1122,5.489217011768e+17,0.057436943,8.718313,3.843730351025637,9204.0,
1123,5.7274251751279066e+17,0.75210285,11.274365,3.470710352247702,5944.5,1.8945425
1124,5.620805876184554e+17,1.2031678999999995,10.823534,2.495099212768692,4896.11,6.335261
1125,5.326084533186218e+17,1.6405439,9.723594,2.241533046960832,4195.5396,28.351141
1126,2.2160725620338104e+18,0.4629593,11.542318,0.8759394036007917,7878.6665,24.053444
1127,4.65993757515092e+18,0.41204262,9.140319,2.9347365404542813,7311.3804,18.912012
1128,1.612798225814972e+18,0.5729923000000001,9.703113,3.588189059475987,6625.6123,7.444016499999999
1129,4.650486581184383e+18,1.0082531,11.940184,3.646558661685503,5410.0,0.96822953
1130,2.2032362104627423e+18,0.82638645,11.729074,1.7844257736362945,5774.5,4.7566695
1131,2.0076200008260083e+18,2.2309065,13.240438,10.925235368174237,4064.25,
1132,4.293868858250126e+17,0.7790623000000001,10.77515,0.7361635302199407,6301.3267,66.02616
1133,2.2846116844971346e+18,1.0124845999999998,11.961379,2.2757843774970485,5374.6665,2.4483104
1134,5.446732913265267e+17,0.62074566,9.403248,3.60715151052027,6283.5,9.732405
1135,5.543789897025224e+17,0.14280510000000002,7.857367999999999,5.57569444754466,8172.3335,
1136,5.4807524902260774e+17,0.80624866,10.560819,6.28071813699537,5871.9346,1.1199901
1137,5.56510633510698e+17,0.6432934,7.6421537,9.450976265006137,6325.5,7.173914999999999
1138,2.1428524749621862e+18,0.9839077,10.654022,7.135544015339358,5344.25,0.8334998
1139,2.160039044293548e+18,1.1783447,11.6814785,6.9213607958211325,4915.0,0.37185398
1140,2.1385512198350162e+18,0.61671543,5.7657475,24.70898092885929,6377.467,5.9058465999999985
1141,4.657996005080303e+18,-0.4827795,11.161665,2.7188279933596373,8868.667,
1142,2.220540977285994e+18,0.8323908000000001,7.8944974,2.668199284291672,5732.25,72.92455
1143,2.2172238194249894e+18,2.577551,12.749214,21.03292540839745,3880.35,
1144,5.377965332918207e+17,0.35315228,10.447229,0.9148979156047238,7859.0,60.34356
1145,5.658092377070446e+17,0.6908493,10.480252,3.3375956469105184,6125.1665,4.230359
1146,5.677408734781687e+17,0.64015484,9.508848,6.805822644501991,6376.5,2.4773927
1147,2.208837461981821e+18,0.7123251,10.276314,0.9926441353993772,6054.0,57.83194
1148,2.2077114632973363e+18,0.9187789,8.045297999999999,1.1639068609299894,5408.0,343.53073
1149,1.6575934634018609e+18,0.6906681,9.513858,6.840617217387235,6105.6333,2.4538662
1150,1.6098951715197952e+18,0.6712227,11.790315,1.233147520522806,6370.0,9.22935
1151,1.60918581472167e+18,0.78091526,11.661608,2.0892151326367747,6103.75,3.6391418
1152,1.609496147582257e+18,1.36337,10.949566,13.859093112531035,4685.2829999999985,0.19410956
1153,1.6518266967127741e+18,0.7523823000000001,10.564941,5.8613861016853965,6025.267,1.2727178
1154,1.6518614687679544e+18,0.24860859,9.170784,3.036529366827738,8088.0,
1155,1.651482068538045e+18,0.7020359,11.630306,1.5404052916171769,6300.0,6.860268
1156,4.244171276242186e+17,0.7130089,11.949138,0.9687764276263116,6313.0,12.92845
1157,1.584035860625278e+18,0.94692993,8.983846,9.477782908868999,5401.8,2.1841848
1158,5.203252071930758e+18,0.7727089,9.002182000000003,4.4365847458385375,5829.775,9.452724
1159,5.217435290893404e+18,0.6976185,9.884868,5.806977136110951,5966.6665,2.431283
1160,2.2204641832709046e+18,0.46769905,9.920578,1.5571142287762203,7130.393,32.564834999999995
1161,1.6446920645431926e+18,0.7894392,10.182008,7.891235476165162,5787.0,1.010428
1162,1.6407080228157576e+18,0.44655943,7.3766975000000015,6.0083593404583215,7082.25,22.747524
1163,1.1520828564093078e+18,0.87253857,11.027001,3.298682630522185,5644.2,2.6817248
1164,1.6309432944092175e+18,1.469037,13.306934,3.8752518501199775,4446.3335,0.30943555
1165,5.349718836239575e+17,0.98406506,11.938744,2.2690620203717584,5348.0,2.5232822999999995
1166,2.2853656402355223e+18,0.7696675999999999,10.936462,4.173704271557304,5886.0,1.7931968999999996
1167,2.299096272724205e+18,0.84365654,9.365591,6.883796357892331,5697.3335,2.8331344
1168,1.7073992098368666e+18,0.091236115,4.2148933,9.673297947960547,8733.0,
1169,2.145021399086254e+18,0.90162754,8.723979,6.831036295363648,5519.6665,5.2736735
1170,2.143847082010882e+18,0.5294274999999999,7.123061,5.130524976980271,7003.3667,39.34379000000001
1171,2.1444651836421169e+18,0.7525549,7.8116508,12.491203181099367,5962.3335,3.5472472
1172,2.13412324599112e+18,1.1942186,12.249392,0.7991046947300506,4886.6665,16.649895
1173,2.1319793701161943e+18,0.52680206,10.087757,1.8822553421794919,6848.17,19.009155
1174,4.644468064985026e+18,0.5987463000000001,9.553015,5.348970238024876,6490.6665,3.8473048
1175,4.2742288317347034e+17,0.34411620000000004,9.716449,1.2410372022708709,8117.0,
1176,4.663644372432494e+18,0.59382343,6.921778999999999,16.127604693748527,6541.0,4.774965
1177,4.677731006145098e+18,0.7282624,7.581992599999999,15.12919770770973,6253.0,2.9624467
1178,4.664921592603188e+18,1.2557888,12.472705,5.335679954871098,5040.6553,0.29359052
1179,4.665190388836439e+18,0.68830395,10.492485,2.0791199376622806,6129.6,10.778041
1180,2.0069026725667553e+18,0.9688034,12.0680275,0.4214416008454493,5324.0,65.14066
1181,4.291584279220772e+17,0.44374275,10.741293,0.4528786442709448,6932.75,180.06438
1182,1.0650201241076524e+18,0.7727689999999999,11.498182,1.892524962547106,5913.0,5.192086
1183,1.6043509528568038e+18,0.5274606,7.9877496,7.191175191254196,6618.8003,8.997041000000003
