angDist,_RAJ2000,_DEJ2000,GCVS,Per,SpType,M1,e_M1,M2,e_M2,R1,e_R1,R2,e_R2,T1,e_T1,T2,e_T2,logL1,e_logL1,logL2,e_logL2,a,e_a,BibCode,Simbad,_RA,_DE,ra_epoch2000,dec_epoch2000,errHalfMaj,errHalfMin,errPosAng,source_id,ra,ra_error,dec,dec_error,parallax,parallax_error,pmra,pmra_error,pmdec,pmdec_error,duplicated_source,phot_g_mean_flux,phot_g_mean_flux_error,phot_g_mean_mag,phot_bp_mean_flux,phot_bp_mean_flux_error,phot_bp_mean_mag,phot_rp_mean_flux,phot_rp_mean_flux_error,phot_rp_mean_mag,bp_rp,radial_velocity,radial_velocity_error,rv_nb_transits,teff_val,a_g_val,e_bp_min_rp_val,radius_val,lum_val
0.000208,0.8259469,32.8458617,TW And,4.12276035,FV+KIV,1.685,,0.325,,2.35,,3.33,,7520,25,4658,,0.63,,1.16,,13.64,,2014AN....335.1064M,Simbad,0.82595,32.84586,0.8259468317065,32.8458616924098,0.001,0.000,90,2874199987159664384,0.82621624002,0.0309,32.84584976557,0.0173,3.8177,0.0442,52.569,0.053,-2.770,0.028,1,4.15059e+06,6.60425e+04,9.143092,2.69044e+06,8.37256e+04,9.276829,1.31329e+06,1.22961e+05,9.466019,-0.189190,,,0,7996.50,,,1.78,11.680
0.000291,356.2231122,45.6865131,WW And,23.28525,A5+F3p,3.18,0.09,0.51,0.09,3.25,,12.47,,8150,,4500,,1.62,,1.76,,53.0,0.5,2012NewA...17..691S,Simbad,356.22311,45.68651,356.2231122220105,45.6865130206679,0.006,0.005,90,1926891142676374656,356.22311206716,0.1759,45.68649066203,0.1380,2.2041,0.2320,-0.025,0.361,-5.193,0.307,1,8.97665e+05,3.02363e+03,10.805580,5.07837e+05,4.23613e+03,11.087076,5.88745e+05,6.05106e+03,10.337101,0.749975,,,0,6019.30,1.1635,0.5890,2.47,7.213
0.000485,320.0667503,-10.8022569,RY Aqr,1.9665826,A7+G8III,1.27,0.07,0.26,0.02,1.39,0.07,1.91,0.11,7650,,4520,122,0.77,0.07,0.13,0.09,7.6,,2016AJ....152...26M,Simbad,320.06675,-10.80226,320.0667503183338,-10.8022570335492,0.001,0.001,90,6892535685232812032,320.06699942071,0.0395,-10.80211366214,0.0346,6.2732,0.0450,56.831,0.075,33.299,0.067,0,5.67231e+06,7.29567e+03,8.803967,3.39144e+06,1.43219e+04,9.025427,3.21738e+06,3.29278e+04,8.493165,0.532262,,,0,6795.00,0.8973,0.4270,1.70,5.580
0.000641,305.5556567,-7.3509592,XZ Aql,2.139181,A2,2.42,0.14,0.45,0.06,2.45,0.07,2.43,0.06,8770,,4744,5,1.48,0.08,0.4,0.08,9.94,0.21,2016AJ....152...33Z,Simbad,305.55566,-7.35096,305.5556566126772,-7.3509590445558,0.001,0.001,90,4216146640300354048,305.55561770133,0.0417,-7.35099708154,0.0350,1.9659,0.0531,-8.963,0.091,-8.834,0.063,0,1.75842e+06,6.02664e+03,10.075562,1.16308e+06,8.41688e+03,10.187361,9.01415e+05,1.03649e+04,9.874608,0.312753,,,0,8118.75,0.6573,0.3360,,
0.000383,281.7947561,10.76368,KO Aql,2.864055,AV+[G8IV],2.53,0.05,0.55,0.01,1.74,0.07,3.34,0.07,9900,,4426,,1.41,0.06,0.56,0.06,12.05,0.05,2007MNRAS.379.1533S,Simbad,281.79476,10.76368,281.7947561866108,10.7636800640346,0.002,0.001,0,4503821320738678016,281.79477912453,0.0387,10.76362831028,0.0459,4.0035,0.0510,5.234,0.091,-12.020,0.101,1,8.99097e+06,1.05234e+04,8.303849,5.97483e+06,1.26767e+04,8.410575,4.47521e+06,1.95457e+04,8.134886,0.275689,,,0,8132.67,0.5883,0.3113,,
0.069653,295.2730347,13.8156806,QS Aql,2.513294,B5V+[A8IV],4.07,0.09,1.49,0.05,4.08,0.15,1.65,0.2,14500,,7910,78,2.8,0.07,0.96,0.06,13.78,0.11,2017AJ....153...36Z,Simbad,295.27303,13.81568,295.2730205257824,13.8156941975451,0.027,0.024,90,4317157059905694592,295.27304018823,0.8380,13.81563315785,0.7381,1.4730,0.9233,4.435,1.738,-14.177,1.565,0,7.77922e+07,6.04408e+04,5.961025,5.83861e+07,1.61776e+05,5.935615,3.09968e+07,9.96071e+04,6.033629,-0.098014,,,0,8562.50,0.2800,0.1430,,
0.000148,286.0424739,-2.0297397,V337 Aql,2.7338794,B0V+B3V,17.44,0.31,7.83,0.18,9.86,0.06,7.48,0.04,28000,500,23640,500,4.73,0.04,4.2,0.04,24.12,0.11,2014NewA...28...44T,Simbad,286.04247,-2.02974,286.0424739408348,-2.0297396948613,0.001,0.001,90,4261802284445511808,286.04247192796,0.0462,-2.02975490560,0.0432,0.4891,0.0524,-0.467,0.094,-3.533,0.083,0,7.53770e+06,4.85296e+04,8.495268,4.32136e+06,3.06748e+04,8.762337,4.81560e+06,8.17651e+04,8.055294,0.707043,,,0,6253.75,1.5232,0.7645,29.78,1222.205
0.000199,77.4261986,39.5863158,TT Aur,1.332735,B2V+B4,8.1,,5.4,,3.9,,4.2,,24850,,18170,,3.72,,3.24,,12.14,,2004yCat.5115....0S,Simbad,77.4262,39.58632,77.4261985478040,39.5863157619271,0.001,0.001,90,188555356425677184,77.42620038695,0.0409,39.58630351379,0.0290,0.8503,0.0472,0.329,0.076,-2.845,0.051,1,7.13788e+06,6.26306e+04,8.554443,5.19805e+06,1.21917e+05,8.561787,3.37026e+06,8.31346e+04,8.442763,0.119023,,,0,9603.00,,,,
0.000431,78.8739306,46.4059597,IM Aur,1.24728912,B7V+A5V,2.38,,0.77,,2.6,,2.0,,12930,,8150,,2.23,,1.2,,7.14,,2004yCat.5115....0S,Simbad,78.87393,46.40596,78.8739304263728,46.4059596997761,0.001,0.001,90,211807141136171136,78.87390646083,0.0513,46.40593484577,0.0461,1.9706,0.0596,-3.838,0.094,-5.773,0.081,1,1.20544e+07,3.11136e+04,7.985506,8.78664e+06,6.60819e+04,7.991831,4.81026e+06,1.08014e+05,8.056499,-0.064668,,,0,8977.50,0.3125,0.1660,,
0.000369,81.9683558,34.7828733,IU Aur,1.8114743,O9.5V+B0.5IV-V,11.99,0.08,6.07,0.04,6.3,0.2,5.2,0.2,33331,130,28823,194,4.64,0.03,4.22,0.04,16.83,0.08,2009ASPC..404..178S,Simbad,81.96836,34.78287,81.9683557724487,34.7828732001088,0.012,0.010,90,182856896896621952,81.96833228990,0.4231,34.78283423707,0.4036,0.4786,0.5765,-4.479,0.801,-9.049,0.629,0,8.86566e+06,7.35599e+04,8.319088,5.85267e+06,1.62726e+05,8.433004,4.67592e+06,1.20353e+05,8.087253,0.345752,,,0,8353.00,,,,
0.000348,115.2958519,76.0739139,Y Cam,3.305689,A7V+gK5,2.08,0.09,0.48,0.03,3.14,0.05,3.33,0.05,8000,250,4629,150,1.56,0.06,0.66,0.06,12.77,0.19,2015AJ....150..131H,Simbad,115.29585,76.07391,115.2958520519569,76.0739139893763,0.001,0.001,0,1136680382131779584,115.29591589280,0.0214,76.07388785018,0.0311,1.1773,0.0308,3.569,0.046,-6.071,0.058,0,1.19829e+06,4.70247e+03,10.491962,7.54815e+05,9.25121e+03,10.656786,6.48393e+05,8.04623e+03,10.232324,0.424462,,,0,7376.33,1.1923,0.5830,3.57,33.926
0.000583,130.9839028,19.0341778,S Cnc,9.4845011,B9.5V+G8IV,2.33,,0.18,,2.18,,4.83,,9880,,4590,,1.61,,0.97,,25.64,,2004yCat.5115....0S,Simbad,130.9839,19.03418,130.9839028723773,19.0341776532783,0.002,0.001,90,661017766324783360,130.98381450474,0.0534,19.03418776947,0.0343,2.8962,0.0612,-19.402,0.111,2.350,0.076,1,9.60398e+06,1.61571e+04,8.232238,6.42095e+06,2.24045e+04,8.332390,4.78962e+06,3.33502e+04,8.061167,0.271223,,,0,8154.00,,,,
0.000266,129.7855839,31.7956825,RZ Cnc,21.642998,K0-2III+K4,3.2,0.15,0.54,0.05,10.2,0.5,12.2,0.7,4570,,4170,,1.44,0.01,1.36,0.08,50.75,2.15,1976ApJ...208..142P,Simbad,129.78558,31.79568,129.7855839708664,31.7956824572521,0.001,0.001,90,709587249372597760,129.78555847201,0.0364,31.79560662395,0.0220,2.6559,0.0448,-5.034,0.069,-17.613,0.046,1,5.68806e+06,6.54350e+04,8.800956,2.40675e+06,8.00078e+04,9.397810,5.57572e+06,1.45905e+05,7.896167,1.501643,,,0,4471.00,,,10.72,41.368
0.000443,109.8674094,-16.3952503,R CMa,1.1359405,F1V+G8IV,1.67,0.08,0.22,0.07,1.78,0.03,1.22,0.03,7300,,4350,,0.91,0.01,-0.31,0.09,5.66,0.2,2011MNRAS.418.1764B,Simbad,109.86741,-16.39525,109.8674093665862,-16.3952501812634,0.002,0.001,90,3030977013710528768,109.86815420273,0.0512,-16.39584654668,0.0538,23.3532,0.0706,165.960,0.107,-138.510,0.094,0,1.07046e+08,2.91645e+05,5.614437,6.57862e+07,3.88377e+05,5.806051,5.95626e+07,6.24946e+05,5.324485,0.481566,,,0,7068.33,0.8110,0.4745,1.84,7.630
0.000213,163.4027869,-59.4549539,HH Car,3.231497,8V+BIII,17.0,,14.0,,6.1,,10.7,,35580,,29870,,4.73,,4.91,,28.9,,2004yCat.5115....0S,Simbad,163.40279,-59.45495,163.4027868063749,-59.4549538648619,0.001,0.001,0,5338423042200185472,163.40274170822,0.0282,-59.45494353305,0.0298,0.1694,0.0323,-5.323,0.056,2.400,0.060,0,1.54344e+06,1.02669e+04,10.217140,8.99148e+05,1.87831e+04,10.466810,9.69527e+05,1.81548e+04,9.795520,0.671290,,,0,6335.33,,,37.89,2084.083
0.000352,161.0954656,-59.9933272,QZ Car,5.9986,late-OV+O8III,30.0,5.0,20.0,5.0,10.0,2.0,20.0,2.0,36000,,30000,,5.18,0.17,5.46,0.09,51.0,3.0,2017MNRAS.470.2007W,Simbad,161.09547,-59.99333,161.0954655361385,-59.9933272924977,0.003,0.003,0,5350346970905044480,161.09540274713,0.0801,-59.99331455952,0.0943,0.9084,0.1018,-7.293,0.202,2.957,0.223,0,5.99212e+07,3.16024e+05,6.244414,3.90629e+07,6.26255e+05,6.371975,3.14782e+07,3.89191e+05,6.016895,0.355080,,,0,7922.00,0.6760,0.3365,28.86,2954.677
0.000310,42.2312903,69.6342894,RZ Cas,1.1952592,A(2-3)V+K1IV,2.28,0.09,0.77,0.03,1.62,0.02,1.99,0.03,8600,200,4480,200,1.11,0.02,0.15,0.05,6.869,0.084,2006AN....327..905S,Simbad,42.23129,69.63429,42.2312902234048,69.6342893180020,0.001,0.001,0,541801332594262912,42.23132626695,0.0301,69.63445066585,0.0383,15.3148,0.0502,2.913,0.054,37.474,0.074,0,6.21624e+07,5.91300e+04,6.204546,4.11503e+07,1.08686e+05,6.315456,3.04222e+07,1.16077e+05,6.053942,0.261514,,,0,7870.00,0.5330,0.2660,1.76,10.732
0.000432,2.6752831,54.8914889,SX Cas,36.561,midB+K3III,5.1,0.4,1.5,0.4,3.0,0.4,23.5,1.3,8500,500,4000,300,1.6,0.16,2.08,0.16,86.98,7.46,1988A&A...207...37A,Simbad,2.67528,54.89149,2.6752829577839,54.8914889877004,0.001,0.000,90,420596084197761920,2.67527691376,0.0223,54.89147918090,0.0183,1.1428,0.0299,-0.807,0.044,-2.278,0.032,1,5.77045e+06,3.65024e+04,8.785342,2.77770e+06,4.31051e+04,9.242173,4.55320e+06,7.85547e+04,8.116127,1.126046,,,0,4925.33,,,19.23,195.977
0.000232,4.8280933,59.1390394,TV Cas,1.812598,B9V+G5IV,3.78,,1.53,,3.15,,3.29,,10350,,4750,,2.01,,0.69,,10.9,,2004yCat.5115....0S,Simbad,4.82809,59.13904,4.8280934126732,59.1390394284747,0.001,0.001,90,428246623544412416,4.82838029004,0.0264,59.13903455992,0.0226,4.1691,0.0332,34.178,0.049,-1.131,0.040,1,2.48864e+07,7.88842e+04,7.198459,1.73281e+07,8.97265e+04,7.254511,1.13632e+07,1.44397e+05,7.123166,0.131346,,,0,8900.00,,,,
0.000330,41.4784278,65.7264022,TW Cas,1.428324,B9V+F6IV,2.9,,1.18,,2.03,,2.53,,10360,,6340,,1.63,,0.97,,8.52,,2004yCat.5115....0S,Simbad,41.47843,65.7264,41.4784276370142,65.7264022625109,0.001,0.001,0,516316302333109248,41.47855871458,0.0259,65.72635973165,0.0331,3.4657,0.0474,12.515,0.046,-9.878,0.072,1,8.71695e+06,3.56621e+04,8.337454,6.02653e+06,3.92601e+04,8.401219,4.26303e+06,5.33026e+04,8.187624,0.213595,,,0,8995.50,0.6900,0.3097,,
0.000287,8.3765947,62.51116,ZZ Cas,1.243527,B3+[B9],4.9,,1.65,,2.3,,3.1,,19060,,10360,,2.8,,2.0,,9.1,,2004yCat.5115....0S,Simbad,8.37659,62.51116,8.3765947288191,62.5111600787053,0.001,0.001,0,430730248515346560,8.37657970733,0.0283,62.51115667595,0.0279,0.2533,0.0378,-1.610,0.055,-0.790,0.056,0,6.99061e+05,6.90489e+03,11.077079,4.98752e+05,1.04528e+04,11.106676,4.16514e+05,9.03177e+03,10.712845,0.393831,,,0,7252.00,,,13.07,425.741
0.000251,19.7931189,62.3967742,AQ Cas,11.72107,B0.5II-III+B3II,17.63,0.91,12.56,0.81,13.48,0.64,23.55,0.73,27000,1000,16700,400,4.94,0.076,4.59,0.05,67.59,1.21,2013NewA...25...68I,Simbad,19.79312,62.39677,19.7931189758634,62.3967742602433,0.001,0.001,0,511009646904766336,19.79310011494,0.0194,62.39677369787,0.0198,0.3155,0.0290,-2.030,0.034,-0.131,0.037,0,2.12270e+06,9.50693e+03,9.871141,1.06907e+06,1.23810e+04,10.278870,1.55024e+06,1.98107e+04,9.285923,0.992947,,,0,5169.66,,,37.40,900.200
0.000567,19.0539325,56.3285597,GG Cas,3.758719,B5V+KIII-IV,4.35,,3.41,,2.34,,7.26,,15500,,4330,,2.45,,1.22,,20.13,,2004yCat.5115....0S,Simbad,19.05393,56.32856,19.0539323741477,56.3285598412398,0.014,0.011,0,413230043488454656,19.05386047100,0.2531,56.32853015162,0.3589,-2.5400,0.3807,-9.259,0.697,-6.896,0.874,1,2.44482e+06,1.38613e+03,9.717747,1.15827e+06,1.97842e+03,10.191865,1.84431e+06,3.38760e+03,9.097336,1.094529,-33.78,1.20,12,5017.50,,,,
0.000302,176.9884147,-60.5660436,SV Cen,1.6585318,B1V+B6.5III,7.7,,9.6,,7.3,,7.8,,24000,,16000,,4.2,,3.55,,15.23,,1991ApJ...379..721L,Simbad,176.98841,-60.56604,176.9884147236729,-60.5660436831990,0.001,0.001,90,5335388664983921024,176.98836119792,0.0279,-60.56604242902,0.0278,0.4876,0.0352,-6.109,0.056,0.291,0.053,0,4.52879e+06,7.06658e+04,9.048411,3.49987e+06,1.46168e+05,8.991257,2.36264e+06,9.36865e+04,8.828425,0.162831,,,0,9084.00,,,,
0.000626,174.0709792,-61.4670558,BF Cen,3.69334,B7V+[A],8.7,,3.8,,5.1,,7.1,,12950,,9430,,2.82,,2.55,,23.33,,2004yCat.5115....0S,Simbad,174.07098,-61.46706,174.0709791939792,-61.4670559739070,0.001,0.001,0,5335710886269762688,174.07091885353,0.0310,-61.46705200623,0.0461,0.4999,0.0452,-6.694,0.061,0.922,0.086,1,6.17311e+06,7.84621e+04,8.712106,4.67445e+06,1.75329e+05,8.677062,2.45414e+06,1.44743e+05,8.787171,-0.110109,,,0,8604.75,0.1870,0.0973,,
0.000318,175.9406369,-61.7433356,MP Cen,2.993456,B3+B6/7,11.4,0.4,4.4,0.2,7.7,0.1,6.6,0.1,18750,,12390,50,3.8,0.2,3.0,0.2,21.9,0.2,2005MNRAS.360..583T,Simbad,175.94064,-61.74334,175.9406370575694,-61.7433356473817,0.001,0.001,0,5334906700945688448,175.94056437605,0.0294,-61.74333314118,0.0328,0.1821,0.0366,-7.992,0.054,0.582,0.060,1,1.84251e+06,7.61889e+03,10.024841,1.18123e+06,1.45562e+04,10.170549,9.80265e+05,1.12719e+04,9.783562,0.386988,,,0,7506.50,1.1275,0.5540,,
0.000289,213.4159367,-54.6256281,V716 Cen,1.4900943,B5.5V+A2V,5.68,0.07,2.39,0.05,4.08,0.07,3.36,0.02,15500,50,9000,80,2.93,0.03,1.82,0.02,11.0,0.03,2008MNRAS.385..381B,Simbad,213.41594,-54.62563,213.4159365991839,-54.6256280446912,0.002,0.002,0,5895765142704352640,213.41578982062,0.0338,-54.62567844412,0.0507,3.7258,0.0650,-19.736,0.120,-11.706,0.155,0,6.99844e+07,2.98021e+05,6.075862,4.85694e+07,5.85560e+05,6.135482,3.16585e+07,4.98972e+05,6.010694,0.124789,,,0,8657.20,0.5050,0.2465,,
0.000232,15.57684,81.8755781,U Cep,2.4930801,B8Ve+G8IV,4.04,,2.5,,2.57,,4.68,,11560,,4590,,2.02,,0.94,,14.46,,2004yCat.5115....0S,Simbad,15.57684,81.87558,15.5768400267176,81.8755780356787,0.002,0.001,90,566936237123439360,15.57757555031,0.0471,81.87555936736,0.0329,5.0353,0.0428,24.142,0.098,-4.336,0.065,0,3.44021e+07,8.71924e+04,6.846904,2.38317e+07,1.37461e+05,6.908499,1.57937e+07,1.33743e+05,6.765711,0.142787,,,0,8402.00,0.6853,0.3680,,
0.000515,76.5133531,80.2478558,RS Cep,12.4200107,AVe+G8III-IV,2.8,,0.41,,2.65,,7.63,,9190,,4520,,1.65,,1.34,,33.28,,2004yCat.5115....0S,Simbad,76.51335,80.24786,76.5133530229101,80.2478559424681,0.001,0.001,0,556832549897897984,76.51328252494,0.0345,80.24786774486,0.0367,1.1116,0.0377,-2.773,0.061,2.741,0.068,0,1.63950e+06,2.92170e+03,10.151588,1.01754e+06,3.34823e+03,10.332513,9.44743e+05,7.86745e+03,9.823636,0.508877,,,0,7306.00,1.5300,0.7730,4.50,51.923
1.496474,76.5133531,80.2478558,RS Cep,12.4200107,AVe+G8III-IV,2.8,,0.41,,2.65,,7.63,,9190,,4520,,1.65,,1.34,,33.28,,2004yCat.5115....0S,Simbad,76.51335,80.24786,76.5149913076152,80.2475462959204,0.006,0.005,90,556832549899336064,76.51479465642,0.1999,80.24754276196,0.2340,0.3381,0.2384,-7.737,0.382,-0.821,0.347,0,6.11871e+04,5.44916e+02,13.721715,,,,,,,,,,0,,,,,
0.000161,354.5845211,64.3340831,XX Cep,2.3373265,A8V+K1IV,2.49,0.06,0.38,0.01,2.27,0.02,2.43,0.02,7946,,4483,9,1.27,0.05,0.33,0.09,10.53,0.1,2016AJ....151...77K,Simbad,354.58452,64.33408,354.5845210062998,64.3340831186424,0.001,0.001,90,2016972824676318336,354.58453811487,0.0209,64.33404814937,0.0238,3.1711,0.0270,1.721,0.046,-8.122,0.045,0,4.19414e+06,9.14655e+03,9.131758,2.65221e+06,1.75239e+04,9.292371,2.20357e+06,2.00514e+04,8.904103,0.388268,-35.68,6.16,10,7386.00,0.8280,0.4052,2.47,16.373
0.000394,358.1372064,68.93379,XY Cep,2.774527,B8+G4,4.7,,1.2,,3.2,,3.8,,11570,,4930,,2.22,,0.88,,15.01,,2004yCat.5115....0S,Simbad,358.13721,68.93379,358.1372063746334,68.9337898909057,0.001,0.001,0,2211230514682716288,358.13721639055,0.0343,68.93374070918,0.0361,1.9843,0.0378,0.836,0.067,-11.423,0.068,0,2.28510e+06,5.27705e+03,9.791104,1.27378e+06,4.07716e+03,10.088651,1.48413e+06,1.21285e+04,9.333242,0.755408,,,0,5862.00,1.1800,0.5863,4.63,22.810
0.000219,338.1044956,67.1506881,XZ Cep,5.0972267,BII+B2III,18.7,1.3,9.3,0.5,14.2,0.1,14.2,0.1,28000,1000,24000,3000,5.05,0.06,4.79,0.22,37.86,1.88,2017A&A...607A..82M,Simbad,338.1045,67.15069,338.1044954518186,67.1506880804002,0.001,0.001,90,2224860133836098560,338.10447258883,0.0381,67.15067840397,0.0313,0.9979,0.0319,-2.062,0.076,-2.247,0.061,0,1.08658e+07,7.22057e+04,8.098212,5.01681e+06,8.10897e+04,8.600318,8.53794e+06,1.71251e+05,7.433538,1.166781,,,0,4885.00,,,30.86,488.715
0.000163,344.4471378,68.4072303,GT Cep,4.908756,B2V+A0IV,10.7,0.5,2.58,0.14,6.34,0.19,6.98,0.11,22400,950,10900,300,4.025,0.078,2.862,0.035,28.79,1.13,2015NewA...35...71C,Simbad,344.44714,68.40723,344.4471377586100,68.4072303426453,0.001,0.001,90,2213360032485424768,344.44712941248,0.0275,68.40722941765,0.0282,0.7157,0.0308,-0.713,0.052,-0.215,0.051,0,1.12950e+07,4.73828e+04,8.056148,6.93432e+06,8.34780e+04,8.248879,6.02740e+06,1.26712e+05,7.811595,0.437283,,,0,7078.43,,,19.47,857.299
0.000418,330.5190528,58.0003636,LZ Cep,3.070507,O9III+ON9.7V,15.9,9.8,4.1,2.4,11.7,3.3,9.4,2.6,32000,1000,28000,1000,5.11,0.19,4.69,0.19,24.14,12.18,2011A&A...533A...9M,Simbad,330.51905,58.00036,330.5190527368686,58.0003634889520,0.003,0.003,0,2199161386015469312,330.51902748111,0.0838,58.00035259597,0.0971,0.9081,0.1043,-3.108,0.179,-2.530,0.191,0,1.23340e+08,2.52999e+05,5.460601,8.62480e+07,3.34574e+05,5.512015,5.59127e+07,2.51366e+05,5.393145,0.118871,,,0,9073.50,0.2820,0.1443,,
0.000425,30.0501722,-18.2078261,YY Cet,0.7904596,A8V+G2IV,1.77,0.19,0.92,0.1,2.08,0.08,1.62,0.06,7500,,5115,11,1.088,0.032,0.207,0.032,5.0,0.18,2012PASP..124..411W,Simbad,30.05017,-18.20783,30.0501723215135,-18.2078261251714,0.001,0.001,90,5138409988587248896,30.05021936718,0.0253,-18.20786492997,0.0273,1.9236,0.0365,10.380,0.070,-9.013,0.063,0,8.42752e+05,1.70111e+04,10.874116,5.67989e+05,3.24339e+04,10.965538,5.07127e+05,2.59121e+04,10.499127,0.466411,,,0,7182.50,,,1.92,8.879
0.000365,229.5473025,31.6470589,U CrB,3.45220552,B6V+F8-GIII-IV,4.74,0.28,1.46,0.06,2.79,0.11,4.83,0.15,13900,,5250,20,2.41,0.2,1.2,0.15,17.63,0.12,2003MNRAS.342.1349Y,Simbad,229.5473,31.64706,229.5473023810609,31.6470588987747,0.001,0.001,0,1277156564676743552,229.54726196017,0.0233,31.64700327930,0.0305,2.4449,0.0438,-7.992,0.052,-12.918,0.060,1,1.46969e+07,3.19493e+04,7.770305,1.05861e+07,7.17011e+04,7.789552,6.43442e+06,6.50485e+04,7.740646,0.048906,,,0,9264.17,0.3660,0.1820,,
0.000385,234.8134728,29.6221153,RW CrB,0.7264114,A9V+[K1IV],1.5,,0.4,,1.52,,1.07,,6920,,4640,,0.68,,-0.32,,4.21,,2004yCat.5115....0S,Simbad,234.81347,29.62212,234.8134726917326,29.6221153505170,0.002,0.001,90,1272944026391454464,234.81342894212,0.0315,29.62209209456,0.0327,3.7541,0.0436,-8.833,0.098,-5.401,0.076,1,1.65403e+06,6.24114e+03,10.142005,9.86120e+05,4.33578e+03,10.366564,9.32749e+05,2.04239e+04,9.837508,0.529056,22.24,19.52,6,6721.75,0.4380,0.2107,1.57,4.541
0.000243,184.4046767,-58.1645656,AB Cru,3.4133135,O8Vn,19.75,1.04,6.95,0.65,10.54,0.32,8.85,0.32,35800,,27200,,5.21,0.03,4.58,0.03,28.52,1.31,1994A&A...291..185L,Simbad,184.40468,-58.16457,184.4046766873898,-58.1645656671280,0.001,0.001,90,6071508298145817344,184.40457701620,0.0291,-58.16456106004,0.0277,0.1646,0.0430,-12.211,0.054,1.070,0.049,1,6.27458e+06,8.33358e+04,8.694405,4.60322e+06,1.69762e+05,8.693735,3.50781e+06,1.17414e+05,8.399329,0.294406,,,0,8440.00,,,,
0.000435,181.5320342,-61.2568967,AI Cru,1.4177112,B2IVe,10.3,0.2,6.3,0.1,4.95,0.06,4.43,0.05,24200,500,17700,500,3.88,0.04,3.24,0.05,13.55,0.18,1987MNRAS.226..879B,Simbad,181.53203,-61.2569,181.5320340594146,-61.2568968002985,0.001,0.001,0,6058510765049380096,181.53197747533,0.0250,-61.25689627991,0.0262,0.4736,0.0333,-6.320,0.048,0.121,0.050,1,2.61275e+06,2.63028e+04,9.645621,1.91337e+06,4.88786e+04,9.646893,1.17717e+06,4.16231e+04,9.584825,0.062068,,,0,9579.50,,,,
0.000198,301.7413794,46.2994853,SW Cyg,4.5731,A2Ve+[KI],1.24,,0.45,,2.31,,3.96,,8770,,4330,,1.45,,0.69,,13.8,,2004yCat.5115....0S,Simbad,301.74138,46.29949,301.7413793616917,46.2994853481177,0.001,0.001,0,2082658577035787392,301.74134989758,0.0239,46.29945361649,0.0287,2.1161,0.0314,-4.728,0.049,-7.370,0.054,0,3.72592e+06,9.60050e+03,9.260283,2.40800e+06,1.34288e+04,9.397248,1.97875e+06,1.74646e+04,9.020941,0.376308,,,0,7790.25,0.7260,0.3850,3.18,33.460
1.969597,301.7413794,46.2994853,SW Cyg,4.5731,A2Ve+[KI],1.24,,0.45,,2.31,,3.96,,8770,,4330,,1.45,,0.69,,13.8,,2004yCat.5115....0S,Simbad,301.74138,46.29949,301.7419730497682,46.2998473923468,0.002,0.002,0,2082658577036041856,301.74197304977,1.6718,46.29984739235,2.2612,,,,,,,0,1.63271e+04,9.26592e+02,15.156092,,,,,,,,,,0,,,,,
0.000446,301.0112967,41.5879064,WW Cyg,3.317747,B7V+[G0IV],4.85,,1.65,,3.75,,4.7,,13000,,5820,,2.56,,1.36,,17.45,,2004yCat.5115....0S,Simbad,301.0113,41.58791,301.0112966027925,41.5879062995250,0.001,0.001,0,2074464462324115456,301.01129050782,0.0270,41.58788386210,0.0291,0.8013,0.0326,-1.059,0.055,-5.211,0.056,0,1.90625e+06,3.73204e+03,9.987918,1.31285e+06,5.68386e+03,10.055850,9.18492e+05,4.75178e+03,9.854232,0.201618,,,0,8772.50,,,,
0.000208,303.1879508,47.3948253,KU Cyg,38.439484,A7V+M2III,3.85,,0.48,,3.38,,17.1,,7750,,3650,,1.57,,1.67,,78.09,,2004yCat.5115....0S,Simbad,303.18795,47.39483,303.1879507224093,47.3948252759012,0.001,0.001,90,2084134705758394112,303.18795119525,0.0268,47.39482100220,0.0323,0.7949,0.0358,0.074,0.055,-0.993,0.055,0,8.42158e+05,1.41836e+04,10.874882,4.29011e+05,9.90698e+03,11.270218,7.17479e+05,2.22719e+04,10.122396,1.147821,,,0,4962.20,,,10.36,58.607
0.000430,301.5414525,35.3860042,V448 Cyg,6.5197162,O9.5V+B1Ib,24.7,0.7,13.7,0.7,7.8,0.2,16.3,0.3,30490,,20340,150,4.63,0.03,4.57,0.03,49.5,0.6,2009MNRAS.396.1553D,Simbad,301.54145,35.386,301.5414524812060,35.3860040816373,0.001,0.001,90,2059011376158159488,301.54143433528,0.0249,35.38597641315,0.0299,0.4950,0.0339,-3.436,0.054,-6.426,0.053,0,1.27525e+07,9.37665e+04,7.924379,7.18774e+06,1.67258e+05,8.209908,7.60628e+06,1.97803e+05,7.558990,0.650918,,,0,6296.00,1.4420,0.7280,37.75,2017.590
0.000518,299.2429419,54.7995225,V548 Cyg,1.80524695,AV+[K],2.18,0.14,0.769,0.054,3.012,0.069,2.619,0.048,9400,,4856,19,1.803,0.042,0.534,0.08,8.95,0.18,2016AJ....152...49Y,Simbad,299.24294,54.79952,299.2429420461689,54.7995223833761,0.002,0.001,0,2137780359106512640,299.24295719977,0.0403,54.79955130384,0.0519,1.6127,0.0450,2.029,0.090,6.717,0.107,0,7.39249e+06,1.17852e+04,8.516389,5.01938e+06,3.05807e+04,8.599764,3.46401e+06,2.92265e+04,8.412973,0.186790,,,0,8393.33,0.6765,0.3280,,
0.000158,309.4170242,18.2843758,W Del,4.8061,B9.5Ve+G5IV,2.01,,0.42,,2.08,,3.88,,9880,,4750,,1.57,,0.84,,16.11,,2004yCat.5115....0S,Simbad,309.41702,18.28438,309.4170241612642,18.2843757761388,0.001,0.001,0,1812558769663138176,309.41700809996,0.0350,18.28439477945,0.0420,1.2286,0.0435,-3.542,0.069,4.414,0.069,1,2.42418e+06,3.80126e+03,9.726952,1.67126e+06,5.74894e+03,9.793781,1.13609e+06,1.31409e+04,9.623388,0.170393,,,0,8574.33,0.6783,0.3465,,
0.000509,311.3812353,11.1740203,AV Del,3.8534528,F8,1.453,0.028,0.705,0.014,2.632,0.03,4.233,0.06,6000,200,4275,150,0.906,0.059,0.732,0.062,13.36,0.09,2005AJ....130..234M,Simbad,311.38124,11.17402,311.3812352143228,11.1740204135946,0.001,0.001,90,1751749213935107456,311.38126608826,0.0254,11.17404356517,0.0248,1.2654,0.0331,7.035,0.051,5.377,0.040,0,4.95224e+05,2.30466e+03,11.451361,2.47399e+05,2.90739e+03,11.867891,3.61143e+05,4.62682e+03,10.867722,1.000170,,,0,5344.00,,,4.16,12.718
0.000378,176.3717086,72.2495367,Z Dra,1.3574226,A5V+gK2,1.39,0.05,0.42,0.02,1.48,0.02,1.77,0.02,6446,11,3936,14,0.53,0.01,-0.17,0.01,6.29,0.08,2017IBVS.6223....1T,Simbad,176.37171,72.24954,176.3717085179149,72.2495368020091,0.001,0.001,90,1074900468737991552,176.37166328723,0.0310,72.24946566051,0.0270,3.1173,0.0345,-3.203,0.063,-16.523,0.055,0,1.32364e+06,1.71565e+03,10.383945,7.42437e+05,3.17816e+03,10.674740,8.29675e+05,2.67853e+03,9.964650,0.710090,,,0,5992.00,,,2.14,5.322
0.000242,275.772545,58.9035625,RZ Dra,0.55087623,A5V+K2IV,1.63,0.03,0.7,0.02,1.65,0.02,1.15,0.02,7940,200,5006,220,0.99,0.01,-0.13,0.06,3.74,0.01,2011NewA...16....6E,Simbad,275.77254,58.90356,275.7725451133001,58.9035625330235,0.001,0.001,90,2157561187465024896,275.77249049002,0.0234,58.90349054685,0.0264,2.5631,0.0236,-6.552,0.050,-16.719,0.050,0,1.42661e+06,1.81648e+04,10.302602,8.92975e+05,4.04000e+04,10.474290,7.51090e+05,2.62902e+04,10.072690,0.401600,,,0,7203.13,,,1.87,8.471
0.000307,233.4627494,63.9071408,TW Dra,2.80686656,A6V+KIII,2.112,0.053,0.85,0.021,2.52,,3.66,,8180,,4407,23,1.37,,0.61,,12.012,,2010arXiv1012.5679Z,Simbad,233.46275,63.90714,233.4627495533842,63.9071407478553,0.001,0.001,90,1640708022815757568,233.46285811738,0.0279,63.90723757097,0.0283,6.0084,0.0275,11.090,0.061,22.488,0.055,0,2.11187e+07,3.79474e+04,7.376698,1.30466e+07,5.37560e+04,7.562643,1.14376e+07,9.86637e+04,7.116084,0.446559,,,0,7082.25,0.8935,0.4880,3.17,22.748
0.000593,254.0756375,52.6984306,AI Dra,1.1988146,A0V+G4V,2.86,0.09,1.34,0.05,2.12,0.04,2.36,0.04,10166,160,5586,110,1.622,0.033,0.675,0.038,7.62,0.09,2004MNRAS.351..707L,Simbad,254.07564,52.69843,254.0756374100133,52.6984304446106,0.003,0.003,0,1413786483748744960,254.07561642175,0.0924,52.69841219045,0.1149,5.9711,0.0985,-2.954,0.176,-4.240,0.225,1,2.78935e+07,1.36022e+05,7.074609,1.92118e+07,3.12473e+05,7.142467,1.26942e+07,1.95705e+05,7.002904,0.139563,,,0,8174.00,0.4927,0.2397,,
0.000217,175.0060006,75.1559631,OO Dra,1.2383813,A4V,2.031,0.058,0.187,0.009,2.078,0.026,1.199,0.017,8260,210,6268,150,1.26,0.05,0.3,0.04,6.326,0.063,2018AJ....155....5L,Simbad,175.006,75.15596,175.0060004749685,75.1559630488623,0.001,0.001,90,1079310648531984000,175.00626360081,0.0229,75.15595366842,0.0208,1.3835,0.0256,15.656,0.045,-2.179,0.040,0,7.22327e+05,1.15555e+03,11.041531,4.64044e+05,1.02169e+03,11.184990,3.88570e+05,1.34647e+03,10.788248,0.396742,,,0,7840.25,0.7487,0.3748,2.12,15.239
0.000224,314.3035019,5.0803953,S Equ,3.4360969,B8V+G8IV-III,3.24,0.03,0.42,0.01,2.74,0.09,3.24,0.1,11200,,5250,,2.02,0.1,0.86,0.1,14.8,0.1,2007MNRAS.379.1533S,Simbad,314.3035,5.0804,314.3035018829458,5.0803952401760,0.001,0.001,90,1734709738640800256,314.30357523001,0.0406,5.08037567436,0.0347,2.5368,0.0543,16.969,0.091,-4.544,0.082,1,8.61853e+06,1.98049e+04,8.349782,6.08762e+06,1.27402e+04,8.390268,4.07688e+06,1.19320e+04,8.236099,0.154169,,,0,9195.00,0.7800,0.3875,,
0.000614,65.4180442,-6.0192228,TZ Eri,2.606132,A6V+KIV,1.96,,0.37,,1.69,,2.6,,7940,,4330,,1.01,,0.33,,10.56,,2004yCat.5115....0S,Simbad,65.41804,-6.01922,65.4180442859680,-6.0192226524309,0.001,0.001,90,3202234883261674368,65.41809530258,0.0332,-6.01938302067,0.0209,3.2969,0.0497,11.784,0.058,-37.247,0.036,0,2.91282e+06,6.20570e+03,9.527582,1.80048e+06,8.79650e+03,9.712920,1.59004e+06,1.87888e+04,9.258400,0.454520,,,0,7021.34,0.7950,0.3950,2.18,10.407
0.000360,53.1046925,-3.31336,AS Eri,2.664152,A3V+[G6IV],1.92,,0.21,,1.8,,2.25,,8560,,4690,,1.19,,0.34,,10.4,,2004yCat.5115....0S,Simbad,53.10469,-3.31336,53.1046925993868,-3.3133600127095,0.002,0.002,0,3249135719973670528,53.10456313417,0.0592,-3.31353945219,0.0596,4.7212,0.0745,-30.019,0.126,-41.676,0.131,1,9.44863e+06,1.73068e+04,8.249944,6.28875e+06,1.71212e+04,8.354979,4.70280e+06,3.05779e+04,8.081029,0.273950,,,0,8185.00,0.5545,0.2735,,
0.000259,90.3669092,23.1409772,RW Gem,2.8654972,B5V+[F5],4.95,,1.45,,3.5,,4.55,,15450,,6640,,2.8,,1.56,,15.74,,2004yCat.5115....0S,Simbad,90.36691,23.14098,90.3669091732376,23.1409771325335,0.001,0.001,90,3424637773136532224,90.36690757036,0.0450,23.14096691403,0.0423,1.0044,0.0505,-0.342,0.092,-2.373,0.077,0,2.83155e+06,1.95951e+04,9.558304,1.91141e+06,2.23934e+04,9.648003,1.40837e+06,2.52705e+04,9.390128,0.257875,,,0,8439.00,0.7450,0.3420,,
0.000477,102.5480917,33.2390928,RX Gem,12.2086558,AVe+K2IV,2.96,0.04,0.429,0.01,3.36,0.05,7.66,0.06,9450,,4405,40,1.91,0.01,1.3,0.02,33.5,0.2,2015AJ....149..125O,Simbad,102.54809,33.23909,102.5480915417985,33.2390927929372,0.002,0.001,90,937758765659068288,102.54806883122,0.0538,33.23905230014,0.0616,1.2876,0.0824,-4.412,0.112,-9.405,0.091,0,4.10983e+06,6.19998e+03,9.153805,2.66122e+06,8.18920e+03,9.288688,2.15462e+06,1.43560e+04,8.928494,0.360193,,,0,7891.67,1.1305,0.5712,5.37,100.580
0.000487,111.8507228,15.6596386,RY Gem,9.300567,A2Ve+K2IV,2.04,,0.39,,2.38,,6.19,,8760,,4210,,1.48,,1.03,,25.01,,2004yCat.5115....0S,Simbad,111.85072,15.65964,111.8507226750652,15.6596385380542,0.001,0.001,90,3168597794613114240,111.85075120854,0.0495,15.65956821723,0.0431,2.2672,0.0549,6.381,0.092,-16.333,0.071,1,6.69581e+06,1.13733e+04,8.623858,4.27529e+06,1.34826e+04,8.773974,3.54391e+06,2.77804e+04,8.388212,0.385762,,,0,7367.34,,,4.39,51.097
0.000199,102.6651997,21.3655444,AF Gem,1.2435,B9V+GIV,3.37,,1.155,,2.61,,2.32,,10340,,5800,,1.84,,0.74,,8.05,,2004yCat.5115....0S,Simbad,102.6652,21.36554,102.6651997441191,21.3655443631166,0.001,0.001,90,3378297756072107392,102.66519535500,0.0479,21.36552519650,0.0434,0.9701,0.0471,-0.949,0.092,-4.452,0.080,0,1.00475e+06,1.02211e+04,10.683221,7.04910e+05,1.44845e+04,10.731054,4.69186e+05,1.17094e+04,10.583557,0.147497,,,0,9090.00,0.4767,0.2510,,
0.000520,268.5327253,16.9438453,UX Her,1.5488479,A3V+KIV,2.42,0.12,0.44,0.06,1.84,0.05,1.96,0.05,8770,,4478,5,1.23,0.04,0.12,0.04,8.0,0.09,2016AJ....152...33Z,Simbad,268.53273,16.94385,268.5327253047682,16.9438451555858,0.001,0.001,0,4502802210861958272,268.53262453067,0.0304,16.94391962077,0.0353,3.9605,0.0373,-22.390,0.068,17.295,0.071,1,5.44813e+06,1.03443e+04,8.847747,3.68632e+06,1.58900e+04,8.934907,2.60981e+06,1.92569e+04,8.720396,0.214511,,,0,8060.00,0.4985,0.2468,,
0.000519,282.50125,20.7212528,AD Her,9.76657,A4V+K2,1.79,,0.59,,2.18,,6.54,,8350,,4210,,1.32,,1.08,,25.66,,2004yCat.5115....0S,Simbad,282.50125,20.72125,282.5012501188560,20.7212527080386,0.001,0.001,0,4530807837182604800,282.50124246239,0.0174,20.72121609964,0.0231,1.7107,0.0284,-1.663,0.043,-8.503,0.052,0,2.84353e+06,5.39373e+03,9.553720,1.66772e+06,6.99766e+03,9.796081,1.69250e+06,1.38590e+04,9.190599,0.605481,,,0,6524.82,1.5780,0.7810,4.80,37.583
0.000434,246.4478014,18.8924617,u Her,2.05102617,B2.5V+B8IV,7.88,0.26,2.79,0.12,4.93,0.15,4.26,0.06,21600,220,12600,550,3.68,0.03,2.63,0.08,14.95,0.17,2014MNRAS.444.3118K,Simbad,246.4478,18.89246,246.4478015040314,18.8924617694905,0.004,0.003,0,1200834239913483392,246.44773214544,0.1054,18.89241810761,0.1056,1.7491,0.1490,-15.241,0.213,-10.141,0.227,0,2.87895e+07,5.83005e+05,7.040279,5.10425e+05,3.29067e+04,11.081559,5.64209e+07,2.01360e+06,5.383319,5.698240,,,0,3279.00,,,,
0.000483,136.4215239,-8.2610356,RX Hya,2.28160262,A2V+G5IV,2.72,,0.66,,2.17,,2.93,,8760,,4740,,1.4,,0.59,,10.94,,2004yCat.5115....0S,Simbad,136.42152,-8.26104,136.4215240104616,-8.2610355219964,0.001,0.001,90,5756165167814720512,136.42145908686,0.0372,-8.26114915530,0.0284,3.7136,0.0449,-14.923,0.080,-26.392,0.075,0,3.18144e+06,3.76379e+03,9.431808,1.97065e+06,5.87311e+03,9.614866,1.75973e+06,1.25086e+04,9.148308,0.466558,,,0,7137.05,0.9025,0.4275,1.96,8.982
0.000303,206.1556642,-26.7801047,SX Hya,2.895737,A3+[G9IV],2.05,,0.59,,2.0,,3.2,,8560,,4460,,1.28,,0.56,,11.81,,2004yCat.5115....0S,Simbad,206.15566,-26.7801,206.1556641916199,-26.7801046162382,0.001,0.001,0,6178229164451588352,206.15538602564,0.0513,-26.78016433246,0.0409,3.8579,0.0590,-57.677,0.080,-13.870,0.089,0,6.18393e+06,1.11422e+04,8.710205,3.88148e+06,1.60597e+04,8.878894,3.35725e+06,2.82584e+04,8.446962,0.431932,,,0,7251.78,0.7490,0.3887,2.55,16.231
0.000144,168.3020733,-26.4650697,TT Hya,6.9534414,B9.5V+KIII-IV,2.63,,0.6,,1.99,,5.69,,9870,,4330,,1.53,,1.01,,22.65,,2004yCat.5115....0S,Simbad,168.30207,-26.46507,168.3020733201277,-26.4650697356666,0.001,0.001,90,3532612598122182272,168.30198105748,0.0380,-26.46502505258,0.0337,5.2170,0.0494,-19.183,0.088,10.378,0.067,1,2.49512e+07,1.10497e+05,7.195638,1.61747e+07,1.45356e+05,7.329295,1.34110e+07,1.13398e+05,6.943270,0.386025,,,0,7923.25,,,3.24,37.309
0.000357,330.3780867,43.8904556,RT Lac,5.0739498,G5IV+G9IV,1.582,,0.624,,4.25,,4.8,,5100,,4960,,1.0,,1.06,,15.842,,2003A&A...405..733C,Simbad,330.37809,43.89046,330.3780865630249,43.8904556080204,0.001,0.001,90,1961028607902617216,330.37842778994,0.0243,43.89054891774,0.0264,5.4880,0.0366,57.115,0.054,21.672,0.049,0,7.16227e+06,3.32579e+04,8.550739,2.72780e+06,6.91649e+04,9.261858,5.98121e+06,7.78651e+04,7.819948,1.441910,,,0,4354.50,,,6.30,12.843
0.000375,337.6094325,54.6184569,TW Lac,3.037417,A3+[KIV],2.15,,0.56,,2.0,,3.2,,8560,,4330,,1.28,,0.51,,12.3,,2004yCat.5115....0S,Simbad,337.60943,54.61846,337.6094325234105,54.6184570032612,0.001,0.001,90,2006361437964416128,337.60943231542,0.0222,54.61844684699,0.0228,0.9761,0.0277,-0.028,0.044,-2.359,0.044,0,4.98330e+05,6.59613e+02,11.444574,3.03645e+05,4.91608e+02,11.645472,2.87584e+05,7.32202e+02,11.115007,0.530464,,,0,7056.75,,,3.02,20.328
0.000261,144.2158575,26.2326786,Y Leo,1.686102,A5V+G9IV,1.55,,0.47,,1.65,,2.07,,8150,,4460,,1.03,,0.18,,7.53,,2004yCat.5115....0S,Simbad,144.21586,26.23268,144.2158575379391,26.2326786640058,0.003,0.002,90,645963390556163456,144.21588079271,0.0821,26.23264576517,0.0883,2.4887,0.1139,4.845,0.165,-7.641,0.145,0,1.86256e+06,4.05336e+03,10.013088,1.20032e+06,5.12555e+03,10.153141,9.70058e+05,8.06723e+03,9.794926,0.358215,,,0,7614.68,0.6580,0.3185,1.99,11.943
0.000466,147.1186058,33.2887736,T LMi,3.019885,A3V+G7IV,2.33,,0.3,,1.98,,2.41,,8540,,4640,,1.27,,0.38,,12.13,,2004yCat.5115....0S,Simbad,147.11861,33.28877,147.1186058475562,33.2887737233016,0.002,0.002,0,793600868428166912,147.11860308170,0.0560,33.28874654398,0.0548,1.1438,0.0831,-0.537,0.128,-6.313,0.137,0,8.85534e+05,2.22092e+03,10.820353,6.00807e+05,2.90843e+03,10.904551,4.29820e+05,2.31979e+03,10.678704,0.225846,,,0,8266.50,0.5082,0.2535,,
0.000305,237.2710814,-15.5357517,SS Lib,1.4379983,A5+[F5],1.9,,1.2,,1.95,,2.58,,8150,,6460,,1.18,,1.02,,7.81,,2004yCat.5115....0S,Simbad,237.27108,-15.53575,237.2710813258854,-15.5357517454811,0.001,0.001,90,6261900040823123584,237.27105843893,0.0400,-15.53578412807,0.0178,1.9589,0.0429,-5.121,0.078,-7.521,0.048,0,1.35701e+06,5.05202e+03,10.356911,7.97502e+05,1.36375e+04,10.597059,7.96491e+05,9.96657e+03,10.008967,0.588092,,,0,6463.97,,,2.95,13.682
0.000254,225.2431075,-8.5189575,del Lib,2.3273543,AV+[G5IV],3.6,0.13,1.5,0.04,3.78,0.13,3.79,0.04,10520,110,5150,175,2.19,0.03,0.96,0.06,12.73,0.34,2018MNRAS.481.5660D,Simbad,225.24311,-8.51896,225.2431074324694,-8.5189574770628,0.009,0.007,90,6332277920392457472,225.24284376185,0.2686,-8.51897319500,0.2382,8.3282,0.3343,-60.564,0.552,-3.651,0.457,0,2.15456e+08,9.21230e+05,4.854968,1.46880e+08,1.04235e+06,4.933985,9.29408e+07,1.28901e+06,4.841404,0.092581,,,0,8770.25,0.3958,0.1920,,
0.000378,98.6912072,8.8256097,RW Mon,1.90609,B9V+[G7IV],2.66,,0.99,,1.94,,2.87,,10350,,4640,,1.59,,0.54,,9.96,,2004yCat.5115....0S,Simbad,98.69121,8.82561,98.6912071241172,8.8256096264505,0.001,0.001,90,3326370605032161664,98.69117217802,0.0605,8.82559065948,0.0497,1.9785,0.0737,-8.020,0.096,-4.405,0.084,1,3.61998e+06,1.43077e+04,9.291599,2.55508e+06,2.37893e+04,9.332879,1.60194e+06,2.94089e+04,9.250306,0.082573,,,0,9043.33,0.4680,0.2342,,
0.000329,118.3322864,-3.0419825,TU Mon,5.0490291,B3V+A5III,12.0,,2.5,,5.55,,7.15,,19040,,8140,,3.56,,2.3,,30.19,,2004yCat.5115....0S,Simbad,118.33229,-3.04198,118.3322863796142,-3.0419825891758,0.002,0.001,90,3080938169233453312,118.33226975064,0.0535,-3.04197230148,0.0363,0.6081,0.0725,-3.857,0.116,2.389,0.071,1,3.61324e+06,1.78057e+04,9.293625,2.69415e+06,3.64090e+04,9.275335,1.54119e+06,2.26896e+04,9.292279,-0.016944,,,0,9057.67,0.3493,0.1740,,
0.000108,119.8182297,-7.5049694,UX Mon,5.9044721,A5+G2III,3.38,0.4,3.9,0.29,3.49,0.05,9.8,0.03,13000,1000,5989,200,2.49,0.13,2.04,0.06,26.65,0.65,2011A&A...528A.146S,Simbad,119.81823,-7.50497,119.8182297010799,-7.5049694300093,0.001,0.001,90,3042861291292225280,119.81822166541,0.0345,-7.50497502952,0.0245,1.7690,0.0495,-1.850,0.075,-1.301,0.049,0,9.16013e+06,6.61500e+04,8.283611,5.52550e+06,1.07434e+05,8.495459,5.53960e+06,9.96026e+04,7.903224,0.592235,,,0,6696.67,1.4340,0.7383,7.91,113.237
0.000416,110.2018919,-5.2599442,AR Mon,21.208156,K0+K3,2.48,0.014,0.741,0.004,8.002,0.089,13.33,0.12,5200,150,4480,150,1.624,0.051,1.807,0.061,47.63,0.11,2005AJ....129.2798W,Simbad,110.20189,-5.25994,110.2018920033709,-5.2599442523700,0.001,0.001,90,3058418895491950336,110.20192382509,0.0403,-5.25997276411,0.0411,2.3726,0.0498,7.360,0.088,-6.622,0.078,0,8.35348e+06,1.04584e+05,8.383698,3.53865e+06,1.41365e+05,8.979294,6.76975e+06,2.82852e+05,7.685488,1.293806,,,0,4708.54,,,12.56,69.853
0.000417,103.7279517,-1.3757914,AU Mon,11.1130371,B3Ve+F8III,7.0,0.5,1.2,0.3,5.6,0.8,10.0,0.8,14595,900,5750,,3.12,0.24,1.98,0.04,42.0,1.0,2010MNRAS.401..418D,Simbad,103.72795,-1.37579,103.7279516504897,-1.3757915045981,0.002,0.001,90,3112305895950166784,103.72794566621,0.0507,-1.37579229658,0.0485,1.0832,0.0552,-1.389,0.100,-0.184,0.086,0,9.70084e+06,2.24571e+04,8.221342,6.64891e+06,4.63828e+04,8.294512,4.60607e+06,3.91620e+04,8.103594,0.190918,,,0,8495.67,0.7423,0.3710,,
0.000575,119.4098233,-7.1894511,FW Mon,3.8735868,B5+[F2IV],4.95,,1.8,,3.54,,5.61,,15500,,6730,,2.81,,1.76,,19.61,,2004yCat.5115....0S,Simbad,119.40982,-7.18945,119.4098234088977,-7.1894509824380,0.002,0.001,90,3043073462677166976,119.40980678852,0.0478,-7.18944523252,0.0294,0.8231,0.0617,-3.830,0.099,1.335,0.062,1,2.06069e+06,2.64625e+03,9.903334,1.40749e+06,4.81486e+03,9.980273,1.00221e+06,4.99247e+03,9.759523,0.220750,,,0,8603.25,0.7620,0.3850,,
0.000677,254.3443358,-25.7996008,UU Oph,4.3968025,AV+[G6IV],2.7,,0.5,,3.0,,4.64,,9430,,4680,,1.8,,0.97,,16.64,,2004yCat.5115....0S,Simbad,254.34434,-25.7996,254.3443359049004,-25.7996009627548,0.006,0.005,90,6034454000384147072,254.34436986717,0.2115,-25.79960687192,0.1618,0.7549,0.2859,7.102,0.414,-1.372,0.294,1,1.54054e+06,2.14888e+03,10.219185,9.77450e+05,2.87870e+03,10.376151,8.33785e+05,4.44609e+03,9.959285,0.416866,147.02,11.07,5,7344.00,1.2530,0.6305,,
0.000211,314.667105,-70.4221428,KZ Pav,0.9498772,F0V+K1,1.7,0.02,1.09,0.03,1.74,0.01,1.94,0.02,6820,200,5116,209,0.768,0.06,0.365,0.075,5.72,0.02,2010MNRAS.407..497S,Simbad,314.6671,-70.42214,314.6671050137775,-70.4221428584504,0.001,0.001,0,6375292709353220992,314.66707798722,0.0220,-70.42204577676,0.0334,8.9038,0.0424,-2.103,0.048,22.548,0.055,0,1.53761e+07,7.62767e+04,7.721247,8.91130e+06,1.71587e+05,7.976535,8.73549e+06,2.06699e+05,7.408702,0.567833,,,0,6554.00,1.0090,0.4590,2.12,7.502
0.000484,352.487635,13.5420792,TY Peg,3.09222,A2+[G6IV],1.47,,0.22,,2.3,,2.34,,8770,,4690,,1.45,,0.38,,10.63,,2004yCat.5115....0S,Simbad,352.48763,13.54208,352.4876351218433,13.5420792637440,0.002,0.001,90,2812756459901030528,352.48771597439,0.0350,13.54211794328,0.0334,1.4755,0.0592,18.257,0.117,8.984,0.064,0,1.49817e+06,1.45221e+03,10.249465,1.00456e+06,1.58402e+03,10.346450,7.44323e+05,2.56200e+03,10.082517,0.263933,,,0,8299.50,0.6827,0.3000,,
0.000563,324.3371058,13.4745822,AQ Peg,5.5485028,A2e+G5IV,2.0,,0.53,,2.75,,4.74,,8780,,4740,,1.6,,1.01,,17.96,,2004yCat.5115....0S,Simbad,324.33711,13.47458,324.3371056957896,13.4745823192026,0.001,0.001,90,1770170564888184704,324.33709994195,0.0452,13.47455844257,0.0481,1.2338,0.0566,-1.300,0.093,-5.546,0.091,0,1.39802e+06,6.88223e+03,10.324584,9.20265e+05,3.93902e+03,10.441606,7.37975e+05,9.51475e+03,10.091816,0.349790,,,0,7991.25,0.4080,0.2075,3.20,37.644
0.000282,333.3479864,8.4252367,AT Peg,1.1460765,A4V+[G8IV],2.22,0.08,1.08,0.06,1.86,0.03,2.18,0.03,8360,,5057,6,1.16,0.04,0.42,0.04,6.86,0.08,2016AJ....152...33Z,Simbad,333.34799,8.42524,333.3479863533382,8.4252367632185,0.001,0.001,0,2722801840219112448,333.34790781866,0.0439,8.42517285732,0.0477,3.6277,0.0566,-18.043,0.087,-14.843,0.088,0,5.09886e+06,8.56624e+03,8.919683,3.31872e+06,1.89192e+04,9.048962,2.57974e+06,1.75498e+04,8.732981,0.315981,,,0,7659.00,,,2.23,15.431
0.000773,353.0611397,14.9690972,DI Peg,0.71181663,F4+K4,1.18,,0.7,,1.41,,1.37,,6540,,3900,,0.51,,-0.41,,4.14,,2004yCat.5115....0S,Simbad,353.06114,14.9691,353.0611398636571,14.9690973452340,0.012,0.010,90,2813513473657289088,353.06096899885,0.3101,14.96907412254,0.2733,3.4423,0.4288,-38.338,0.796,-5.394,0.672,1,3.20606e+06,1.11440e+04,9.423438,1.87525e+06,1.72414e+04,9.668738,1.93526e+06,2.08159e+04,9.045073,0.623666,,,0,6462.00,1.0363,0.5063,2.58,10.469
0.000344,50.9183292,46.5766225,RT Per,0.84940032,F5V+G7IV,1.07,,0.3,,1.2,,1.08,,6460,,4650,,0.35,,-0.31,,4.19,,2004yCat.5115....0S,Simbad,50.91833,46.57662,50.9183291008309,46.5766225668096,0.002,0.001,90,242962936981732608,50.91841166874,0.0365,46.57672464853,0.0275,5.0623,0.0520,13.182,0.101,23.709,0.081,0,1.39310e+06,4.34558e+03,10.328408,7.40394e+05,6.87580e+03,10.677731,9.36330e+05,9.57581e+03,9.833348,0.844382,,,0,5757.67,0.5885,0.2940,1.47,2.149
0.000624,65.0698497,42.3143906,RW Per,13.1989664,B9.6e+K2III-IV,2.8,,0.21,,3.9,,5.9,,9890,,4200,,2.12,,0.99,,33.92,,2004yCat.5115....0S,Simbad,65.06985,42.31439,65.0698498219479,42.3143904519685,0.002,0.001,90,229136921858228096,65.06982486707,0.0428,42.31436949386,0.0229,1.6790,0.0478,-4.286,0.097,-4.868,0.053,0,2.99819e+06,5.56572e+03,9.496219,1.57098e+06,6.02046e+03,9.860962,2.06296e+06,1.59046e+04,8.975693,0.885269,,,0,5694.00,,,6.68,42.237
0.000093,41.4255083,48.1438589,RY Per,6.863569,B4V+F7III,6.25,,1.6,,4.29,,7.85,,17170,,6200,,3.16,,1.91,,30.19,,2004yCat.5115....0S,Simbad,41.42551,48.14386,41.4255083324811,48.1438589142722,0.002,0.001,90,438165588512859008,41.42552608189,0.0531,48.14384707958,0.0399,0.9166,0.0613,2.751,0.125,-2.749,0.090,0,7.96567e+06,1.39431e+04,8.435310,5.33390e+06,1.85886e+04,8.533776,3.98772e+06,2.37947e+04,8.260108,0.273668,,,0,8335.00,,,,
0.000118,45.0237892,39.1902522,ST Per,2.6483418,A3V+K1IV,2.62,,0.57,,2.55,,2.96,,8540,,4260,,1.49,,0.41,,11.85,,2004yCat.5115....0S,Simbad,45.02379,39.19025,45.0237892327868,39.1902521793898,0.001,0.001,90,143580413107943680,45.02376336555,0.0629,39.19016037746,0.0362,2.5975,0.0711,-4.656,0.091,-21.322,0.076,0,3.04372e+06,2.58149e+03,9.479854,1.93676e+06,1.15829e+04,9.633700,1.57837e+06,1.44330e+04,9.266399,0.367301,,,0,7451.50,0.8720,0.4293,2.53,17.760
0.023875,54.4383461,40.7637139,AB Per,7.1602886,A5V+[G9IV],1.9,,0.23,,2.0,,4.2,,8150,,4460,,1.2,,0.8,,20.1,,2004yCat.5115....0S,Simbad,54.43835,40.76371,54.4383484152092,40.7637075039698,0.025,0.024,0,237076873279709184,54.43833891477,0.4659,40.76374041774,0.4336,-1.7937,0.6592,-1.671,1.573,7.644,1.625,0,2.92025e+06,7.57799e+03,9.524817,1.64167e+06,1.05389e+04,9.813174,1.91317e+06,1.62809e+04,9.057537,0.755637,,,0,5846.93,,,,
0.000266,36.4916989,56.1027811,DM Per,2.72774184,B5V+A5III,7.31,,2.07,,4.57,,4.75,,15490,,8140,,3.03,,1.95,,17.3,,2004yCat.5115....0S,Simbad,36.4917,56.10278,36.4916990248315,56.1027810754694,0.002,0.001,0,457464770661735296,36.49170641193,0.0287,56.10276861795,0.0366,1.3001,0.0465,0.957,0.086,-2.893,0.112,1,1.32841e+07,3.55766e+04,7.880034,9.10601e+06,7.59492e+04,7.953067,6.28378e+06,5.80274e+04,7.766367,0.186700,,,0,8495.67,0.8215,0.3832,,
0.000505,23.0228531,54.0189625,IZ Per,3.6876639,B8V+A5IV,9.97,0.55,3.2,0.17,7.51,0.13,6.9,0.12,19000,,9500,50,3.852,0.093,2.575,0.184,23.73,1.04,2007Obs...127...33H,Simbad,23.02285,54.01896,23.0228529812656,54.0189626217900,0.002,0.002,90,407553608544043520,23.02286481362,0.0528,54.01895387915,0.0481,1.2115,0.0750,1.615,0.113,-2.031,0.098,1,9.70426e+06,2.18011e+05,8.220960,7.36651e+06,4.10569e+05,8.183233,4.52211e+06,2.81045e+05,8.123568,0.059666,,,0,9603.00,,,,
0.027862,47.0422186,40.9556467,bet Per,2.8673285,B8V+K2IV,3.7,,0.81,,2.86,,3.52,,11550,,4200,,2.12,,0.54,,14.03,,2004yCat.5115....0S,Simbad,47.04222,40.95565,47.0422279727219,40.9556435702219,0.010,0.001,0,239863001382455424,47.04222797272,0.5512,40.95564357022,9.9666,,,,,,,0,3.46101e+08,4.06489e+07,4.340358,1.41183e+08,6.95848e+07,4.976932,7.33215e+08,1.10744e+08,2.598841,2.378091,,,0,4388.20,,,,
0.011282,92.5746169,-54.9686425,del Pic,1.67254,B0.5+B0.5-3,16.3,,8.6,,7.62,,5.05,,25200,,21400,,4.32,,3.68,,17.44,,1974MNRAS.167..517E,Simbad,92.57462,-54.96864,92.5746217067027,-54.9686410138198,0.007,0.006,90,5499415974230271488,92.57459057853,0.2023,-54.96860814524,0.1930,1.9696,0.2022,-4.150,0.441,7.634,0.389,0,1.75937e+08,4.69706e+06,5.074974,1.99098e+08,2.37251e+06,4.603719,8.26573e+07,1.25480e+06,4.968717,-0.364998,,,0,9593.00,,,,
0.000207,353.60577,7.9245903,Y Psc,3.765767,A3V+KIV,1.92,,0.48,,2.71,,3.52,,8560,,4320,,1.55,,0.59,,13.63,,2004yCat.5115....0S,Simbad,353.60577,7.92459,353.6057700499860,7.9245902705690,0.002,0.001,90,2758178523763705856,353.60577567979,0.0435,7.92455796148,0.0314,2.2958,0.0533,1.295,0.098,-7.504,0.059,0,3.64598e+06,7.14116e+03,9.283832,2.26601e+06,5.60055e+03,9.463236,2.03257e+06,1.10415e+04,8.991809,0.471427,,,0,7181.64,,,3.35,26.966
0.056421,119.5601633,-49.2449111,V Pup,1.4544786,B1V+B3,12.45,0.35,6.11,0.21,5.78,0.08,4.59,0.06,28180,970,26610,980,4.277,0.063,3.975,0.066,14.31,0.31,1998Obs...118..356S,Simbad,119.56016,-49.24491,119.5601651952850,-49.2449267235986,0.019,0.018,0,5517171678268362880,119.56012625441,0.5777,-49.24487260307,0.7247,0.8946,0.7330,-5.904,1.131,12.570,1.211,1,9.45358e+06,1.03275e+06,8.249375,1.14876e+07,4.18692e+06,7.700814,1.25091e+07,4.97609e+06,7.018855,0.681959,,,0,5095.63,,,,
0.000402,123.3793972,-23.9531633,XZ Pup,2.1923631,AV+[G2IV],1.89,,0.75,,2.95,,2.88,,9420,,5350,,1.79,,0.78,,9.81,,2004yCat.5115....0S,Simbad,123.3794,-23.95316,123.3793971405402,-23.9531632024013,0.001,0.001,90,5699396282969664256,123.37935115841,0.0347,-23.95314767560,0.0320,2.5391,0.0476,-9.760,0.070,3.606,0.062,1,1.48380e+07,4.07800e+04,7.759925,1.03584e+07,7.32517e+04,7.813161,6.74256e+06,7.73141e+04,7.689858,0.123303,,,0,8900.00,0.5845,0.3122,,
0.000359,289.7017017,19.6104778,U Sge,3.38061933,B8V+G4III-IV,5.7,,1.9,,4.21,,5.3,,11560,,4930,,2.45,,1.17,,18.63,,2004yCat.5115....0S,Simbad,289.7017,19.61048,289.7017015961091,19.6104777810098,0.001,0.001,0,4516549576568929408,289.70170177049,0.0348,19.61048329520,0.0420,3.6149,0.0490,0.038,0.072,1.281,0.082,0,4.91149e+07,8.43481e+04,6.460333,3.48530e+07,1.12657e+05,6.495787,2.18791e+07,1.60806e+05,6.411845,0.083942,,,0,8964.00,0.3717,0.1407,,
0.000110,274.4010203,-34.1072653,RS Sgr,2.4156832,B5V+A2,7.18,,2.41,,5.11,,4.1,,15480,,8760,,3.13,,1.95,,16.09,,2004yCat.5115....0S,Simbad,274.40102,-34.10727,274.4010202658780,-34.1072653117495,0.002,0.002,90,4044610255085884800,274.40100877982,0.0625,-34.10730984547,0.0560,2.4686,0.0710,-2.209,0.122,-10.343,0.105,0,7.51950e+07,2.46509e+05,5.997893,5.73259e+07,4.21178e+05,5.955512,2.57323e+07,1.25408e+06,6.235724,-0.280212,,,0,8868.67,,,,
0.000163,275.5282103,-25.2399558,XZ Sgr,3.275555,A3V+G5IV,1.49,,0.21,,1.46,,2.41,,8550,,4740,,1.01,,0.42,,11.07,,2004yCat.5115....0S,Simbad,275.52821,-25.23996,275.5282102642664,-25.2399558317754,0.002,0.001,90,4053182253880893824,275.52812373572,0.0531,-25.24002306434,0.0519,5.2018,0.0640,-18.178,0.101,-15.615,0.088,1,5.79117e+06,1.85456e+04,8.781450,3.42632e+06,2.89134e+04,9.014319,3.52507e+06,4.67333e+04,8.394000,0.620319,,,0,6944.25,1.4400,0.7230,1.99,8.300
0.840965,275.5282103,-25.2399558,XZ Sgr,3.275555,A3V+G5IV,1.49,,0.21,,1.46,,2.41,,8550,,4740,,1.01,,0.42,,11.07,,2004yCat.5115....0S,Simbad,275.52821,-25.23996,275.5283189481912,-25.2397438765171,0.001,0.000,90,4053182253832567424,275.52831894819,0.5659,-25.23974387652,0.4065,,,,,,,0,2.08238e+05,2.50626e+03,12.391966,,,,,,,,,,0,,,,,
0.000512,281.9680472,-20.2745122,V356 Sgr,8.8961,B3V+A2II,12.1,,4.7,,7.4,,14.0,,19070,,8770,,3.81,,3.02,,46.26,,2004yCat.5115....0S,Simbad,281.96805,-20.27451,281.9680471973691,-20.2745123421266,0.001,0.001,90,4079974569075292032,281.96804923490,0.0488,-20.27453295056,0.0468,1.4150,0.0567,0.444,0.093,-4.786,0.077,0,3.31113e+07,2.64932e+05,6.888424,2.07168e+07,8.78726e+05,7.060583,1.72324e+07,4.68452e+05,6.671057,0.389526,,,0,7245.00,1.0790,0.5537,16.13,645.887
0.000214,298.2765928,-14.6031883,V505 Sgr,1.18286794,A2V+G5IV,2.65,0.0,1.25,0.0,2.1,0.02,2.33,0.02,8810,80,5276,90,1.37,0.02,0.57,0.02,7.41,0.07,2006MNRAS.368..959L,Simbad,298.27659,-14.60319,298.2765928238113,-14.6031883546711,0.008,0.005,90,6878492245986475904,298.27658112212,0.4638,-14.60341180299,0.1747,11.8788,0.5528,-2.630,0.515,-51.898,0.302,1,4.77821e+07,1.87408e+05,6.490202,3.17826e+07,4.23075e+05,6.595915,2.35666e+07,3.65985e+05,6.331178,0.264737,,,0,8127.50,0.5510,0.2685,,
0.000516,252.9675653,-38.0473986,mu01 Sco,1.44627,B0V+B2V,8.3,1.0,4.6,1.0,3.9,0.3,4.6,0.4,24000,1000,17000,700,3.66,0.1,3.2,0.1,12.6,0.5,2015MNRAS.448.3784B,Simbad,252.96757,-38.0474,252.9675653854426,-38.0473987266926,0.020,0.016,90,5971289565609165056,252.96756079205,0.6022,-38.04747840527,0.5105,3.7265,0.6859,-0.840,1.322,-18.506,1.013,1,1.20327e+09,1.93265e+07,2.987458,4.56589e+08,8.35235e+07,3.702574,4.03739e+08,9.83661e+06,3.246669,0.455905,,,0,4989.50,,,,
0.000640,283.6132308,-12.6098144,U Sct,0.95498575,F+[G7IV],1.6,,0.64,,1.68,,1.57,,6990,,4640,,0.78,,0.01,,5.34,,2004yCat.5115....0S,Simbad,283.61323,-12.60981,283.6132309611950,-12.6098143170800,0.002,0.001,90,4102730405305344128,283.61322658660,0.0610,-12.60989737148,0.0495,3.1385,0.0551,-0.992,0.121,-19.290,0.096,0,1.82807e+06,1.27450e+04,10.033383,9.84636e+05,2.07752e+04,10.368198,1.35048e+06,2.92222e+04,9.435699,0.932500,,,0,5365.00,,,3.19,7.610
0.000228,276.6396811,-9.2016636,RZ Sct,15.19024195,B3Ib+F5IV,11.7,,2.49,,15.0,,15.9,,19050,,6460,,4.42,,2.6,,62.46,,2004yCat.5115....0S,Simbad,276.63968,-9.20166,276.6396811559727,-9.2016635692567,0.001,0.001,90,4156190653517727360,276.63968450780,0.0491,-9.20167658814,0.0469,1.3107,0.0487,0.768,0.096,-3.024,0.090,0,2.27677e+07,7.84505e+04,7.295068,1.06621e+07,1.10134e+05,7.781782,1.75246e+07,1.95205e+05,6.652803,1.128979,,,0,5176.83,,,29.38,558.704
0.000124,60.9763194,28.1259717,RW Tau,2.7688439,B8V+KIV,2.43,,0.55,,2.27,,3.0,,11560,,4330,,1.92,,0.45,,11.94,,2004yCat.5115....0S,Simbad,60.97632,28.12597,60.9763194148617,28.1259717318180,0.003,0.001,90,163742260906017024,60.97631847424,0.0715,28.12589023357,0.0301,3.2694,0.0834,-0.193,0.179,-18.929,0.078,1,1.17948e+07,1.02602e+04,8.009141,8.23033e+06,1.97350e+04,8.062845,5.56921e+06,2.77089e+04,7.897437,0.165409,,,0,9016.00,0.6973,0.3455,,
1.618247,60.9763194,28.1259717,RW Tau,2.7688439,B8V+KIV,2.43,,0.55,,2.27,,3.0,,11560,,4330,,1.92,,0.45,,11.94,,2004yCat.5115....0S,Simbad,60.97632,28.12597,60.9763952122801,28.1255271871038,0.000,0.000,90,163742265201175808,60.97639521228,0.4104,28.12552718710,0.2542,,,,,,,0,2.48742e+05,2.59426e+03,12.198991,,,,,,,,,,0,,,,,
0.000327,69.5659594,20.6847253,HU Tau,2.0563,B8V+GIV,4.72,,1.27,,2.69,,4.15,,11560,,5790,,2.06,,1.24,,12.35,,2004yCat.5115....0S,Simbad,69.56596,20.68473,69.5659594947954,20.6847253190242,0.002,0.002,90,3411229847309096704,69.56589964996,0.0759,20.68469383421,0.0501,7.7218,0.0851,-13.003,0.153,-7.313,0.110,0,8.74718e+07,2.25517e+05,5.833695,6.24235e+07,4.89843e+05,5.863018,3.61998e+07,4.80258e+05,5.865155,-0.002138,,,0,9620.33,0.2925,0.1407,,
0.000470,70.4904811,5.6094989,V1251 Tau,18.8988,G8III+K1-2III,2.633,0.028,0.541,0.009,7.55,0.2,11.02,0.21,5000,100,4640,150,1.504,0.041,1.704,0.059,43.86,0.15,2003AJ....125.3237T,Simbad,70.49048,5.6095,70.4904812102307,5.6094988292962,0.001,0.001,90,3282677181172799104,70.49050778487,0.0321,5.60945542426,0.0195,1.9024,0.0381,6.143,0.062,-10.081,0.039,0,3.79244e+06,2.33141e+04,9.241070,1.47888e+06,2.69091e+04,9.926553,3.28471e+06,5.48640e+04,8.470679,1.455874,,,0,4430.00,0.6798,0.3060,12.56,54.698
0.055002,60.1700656,12.4903406,lam Tau,3.952955,B3V+A4IV,7.18,,1.89,,6.4,,5.3,,19050,,8350,,3.68,,2.09,,21.93,,2004yCat.5115....0S,Simbad,60.17007,12.49034,60.1700750752159,12.4903527594168,0.018,0.014,90,3305012316783145728,60.17004003226,0.4620,12.49028993142,0.3703,8.2175,0.5324,-7.946,1.175,-14.592,0.890,1,8.32689e+08,5.81246e+06,3.387159,5.50542e+08,1.16527e+07,3.499411,3.17666e+08,3.18255e+06,3.506993,-0.007582,,,0,8336.00,0.3435,0.1960,,
0.000190,30.1405711,27.8886681,X Tri,0.9715382,A3V+G5IV,2.43,,1.21,,1.73,,2.0,,8550,,4750,,1.16,,0.26,,6.35,,2004yCat.5115....0S,Simbad,30.14057,27.88867,30.1405711540320,27.8886680774229,0.001,0.001,0,298268990328628224,30.14069784889,0.0420,27.88860791099,0.0343,4.8184,0.0478,26.008,0.070,-13.974,0.077,0,5.71578e+06,3.41507e+04,8.795677,3.61485e+06,5.60911e+04,8.956163,3.16425e+06,5.50271e+04,8.511243,0.444921,,,0,7723.50,,,1.75,9.849
0.000375,161.3354306,45.5663067,TX UMa,3.0633292,B8V+F7IV,4.33,0.2,1.12,0.08,2.71,,4.07,,12900,300,5500,500,2.26,0.04,1.13,0.16,15.4,,2011MNRAS.415.2238G,Simbad,161.33543,45.56631,161.3354304641781,45.5663066575797,0.002,0.001,0,829685534384441344,161.33549299242,0.0447,45.56632680656,0.0718,4.2920,0.0710,10.167,0.079,4.680,0.123,0,3.27355e+07,2.77410e+04,6.900819,2.30568e+07,4.93415e+04,6.944390,1.47098e+07,1.23562e+05,6.842904,0.101486,,,0,9142.00,,,,
0.000154,144.5279975,56.0186914,VV UMa,0.68735545,A1V+[G5IV],0.97,,0.29,,1.35,,0.96,,9090,,4740,,1.05,,-0.38,,3.54,,2004yCat.5115....0S,Simbad,144.528,56.01869,144.5279975766113,56.0186914004685,0.001,0.001,0,1024762227410763264,144.52785366576,0.0387,56.01870525920,0.0447,2.0232,0.0573,-18.682,0.078,3.219,0.085,0,1.64212e+06,7.63795e+03,10.149852,1.06014e+06,1.58027e+04,10.287983,8.46590e+05,1.06110e+04,9.942738,0.345245,,,0,7716.67,0.8565,0.4220,2.24,16.040
0.000362,198.7268625,59.2956675,IO UMa,5.5201878,A3,2.11,0.07,0.29,0.02,3.0,0.04,3.92,0.05,7800,150,4260,150,1.48,0.04,0.66,0.07,17.58,0.11,2013MNRAS.432.3278S,Simbad,198.72686,59.29567,198.7268625506482,59.2956675970474,0.001,0.001,90,1567133171450548480,198.72647110831,0.0376,59.29578052519,0.0352,3.6226,0.0449,-46.422,0.084,26.228,0.076,1,1.08395e+07,1.16427e+04,8.100842,6.80452e+06,2.11059e+04,8.269394,5.79393e+06,2.58070e+04,7.854487,0.414907,,,0,7229.50,,,3.62,32.243
0.000028,242.1136367,86.1998753,W UMi,1.7011576,A3V+[G2IV],2.4,,1.2,,3.47,,2.67,,8550,,5340,,1.76,,0.72,,9.19,,2004yCat.5115....0S,Simbad,242.11364,86.19988,242.1136366427211,86.1998752933525,0.001,0.001,0,1727726671573301120,242.11284877483,0.0299,86.19994389742,0.0273,2.4144,0.0315,-12.128,0.057,15.934,0.058,1,7.15792e+06,2.75579e+04,8.551398,4.60564e+06,4.69759e+04,8.693163,3.77457e+06,5.21798e+04,8.319751,0.373412,,,0,7633.00,0.9713,0.5015,4.00,48.823
0.000389,204.7367331,69.8031025,RU UMi,0.52492618,F0V+[G8IV],1.58,,0.84,,1.57,,1.17,,6980,,4590,,0.72,,-0.26,,3.675,,2004yCat.5115....0S,Simbad,204.73673,69.8031,204.7367330004484,69.8031026024105,0.001,0.001,90,1686621699950649344,204.73694816434,0.0300,69.80308105798,0.0246,3.5007,0.0317,17.253,0.056,-5.004,0.049,0,1.76605e+06,2.10257e+04,10.070857,1.01662e+06,4.48109e+04,10.333490,9.56318e+05,3.64780e+04,9.810414,0.523076,,,0,6735.00,0.7993,0.3813,1.73,5.576
0.000532,143.3050139,-45.2085753,S Vel,5.9336475,A5V+[K4IV],1.8,,0.3,,1.5,,4.2,,8140,,3900,,0.95,,0.56,,17.66,,2004yCat.5115....0S,Simbad,143.30501,-45.20858,143.3050139919044,-45.2085751670851,0.001,0.001,0,5423067604782946432,143.30473940642,0.0253,-45.20849266890,0.0290,5.9733,0.0327,-44.931,0.054,19.161,0.055,1,1.57250e+07,3.13336e+04,7.696887,9.48041e+06,4.09953e+04,7.909320,8.94534e+06,8.95881e+04,7.382927,0.526393,,,0,6730.38,1.1780,0.5867,3.04,17.053
0.000419,198.8363986,-17.4713678,UW Vir,1.8107755,A4+[K3IV],1.75,,0.4,,1.5,,2.05,,8350,,3920,,0.99,,-0.05,,8.07,,2004yCat.5115....0S,Simbad,198.8364,-17.47137,198.8363984894499,-17.4713678491382,0.002,0.001,90,3511171223730060672,198.83617204383,0.0504,-17.47145853455,0.0361,4.2727,0.0520,-50.168,0.103,-21.062,0.074,1,4.68043e+06,4.89150e+04,9.012651,3.10182e+06,5.26804e+04,9.122347,2.57750e+06,6.86194e+04,8.733922,0.388425,,,0,7841.00,0.7815,0.3890,1.74,10.354
0.000145,195.4726106,-19.7746567,UY Vir,1.9945051,A7V+[G6IV],1.75,,0.5,,1.8,,2.3,,7770,,4690,,1.02,,0.36,,8.73,,2004yCat.5115....0S,Simbad,195.47261,-19.77466,195.4726105611392,-19.7746567168465,0.022,0.020,0,3508999005366339200,195.47263366286,0.6297,-19.77484219675,0.6844,0.4598,0.7750,5.049,1.274,-43.079,1.398,0,1.33707e+07,5.88731e+04,7.872979,8.03997e+06,7.71368e+04,8.088252,6.17226e+06,3.36131e+05,7.785810,0.302443,,,0,7206.50,,,,
0.000325,201.6690783,-16.1045833,BD Vir,2.548537,A5+[KIV],2.1,,0.5,,3.23,,2.75,,8150,,4330,,1.62,,0.38,,10.79,,2004yCat.5115....0S,Simbad,201.66908,-16.10458,201.6690782059570,-16.1045833032448,0.001,0.001,90,3604868379129516160,201.66912350289,0.0567,-16.10461158983,0.0402,2.3182,0.0630,10.108,0.095,-6.570,0.079,0,2.29402e+06,3.63355e+03,9.786872,1.42246e+06,5.58425e+03,9.968790,1.26636e+06,3.33812e+03,9.505527,0.463264,,,0,7187.05,1.0110,0.5040,2.63,16.643
0.000458,208.1617153,-18.7090325,DL Vir,1.31548,A3V+KIV,2.18,,1.06,,1.8,,2.3,,8560,,4330,,1.19,,0.22,,7.47,,2004yCat.5115....0S,Simbad,208.16172,-18.70903,208.1617152169500,-18.7090326000792,0.003,0.003,90,6293889335197400064,208.16148089323,0.0774,-18.70899622642,0.0776,4.8219,0.1088,-51.548,0.175,8.448,0.164,0,3.72456e+07,3.43580e+04,6.760679,1.91861e+07,7.29793e+04,7.143919,2.48405e+07,1.93999e+05,6.274017,0.869901,-13.21,1.65,7,5654.00,1.9760,0.9930,8.32,63.806
0.000157,290.4129417,25.5748442,Z Vul,2.4549328,B3V-A2III,5.29,0.5,2.33,0.25,4.93,0.18,4.67,0.17,18009,300,9307,150,3.35,0.03,2.16,0.04,15.07,0.5,2009NewA...14..528L,Simbad,290.41294,25.57484,290.4129417212705,25.5748441608367,0.001,0.001,0,2023954311223665536,290.41292653498,0.0195,25.57483404467,0.0286,1.8079,0.0346,-3.182,0.043,-2.350,0.056,1,2.13389e+07,1.82261e+05,7.365436,1.44753e+07,4.31899e+05,7.449818,8.34562e+06,4.39313e+05,7.458273,-0.008456,,,0,9118.00,0.3653,0.2115,,
0.000313,289.4166358,22.4412106,RS Vul,4.4776635,B5V+G1III-IV,6.59,,1.76,,4.71,,5.84,,15500,,5570,,3.06,,1.47,,23.18,,2004yCat.5115....0S,Simbad,289.41664,22.44121,289.4166357058683,22.4412105982585,0.001,0.001,0,2022188873509795200,289.41664856392,0.0221,22.44117572348,0.0343,2.6226,0.0503,2.760,0.061,-8.100,0.077,1,3.70115e+07,8.63530e+04,6.767525,2.50395e+07,1.52024e+05,6.854826,1.73899e+07,2.76478e+05,6.661179,0.193647,,,0,8177.00,0.6140,0.3070,,
